{"__Version":"0.1","App":"4ab302c5-f610-4046-b75a-cdf5ec18e816","Test_7F478737223C4B69":"caeec5bc-eeeb-4bfd-9816-2e9359d5aff3","Host":"174bf314-7dd5-4bb8-ad93-94a0f426e7ca","cmpHeader":"ff3134d3-2c5c-4748-a93c-8e63249e0bb1","cntHeaderMain":"3704db09-fcdf-4f72-aa50-bbac4cae2337","cntAppInfo":"7ba595bb-c68b-4d7f-8de3-5617dd615fba","imgAppLogo":"078b6286-7f4b-4b35-b4ea-7615056156aa","lblAppName":"f667235e-e84e-4294-b7f1-e392ad26574c","rctHeaderSeparator":"ce0c0e85-f9b7-4521-9cc0-0806ac926a59","imgBackground":"4affea84-a790-4b61-9f07-b61c0011a222","cntUserInfo":"ef70f333-dd2b-433a-9e3d-7670326e91c7","lblUserType":"70dd0ee5-ee56-49a1-a5e4-028574dba95c","imgUserProfile":"b4042de6-f11c-4224-be60-94d71984adfa","lblUserFullName":"e73f27c5-bb4f-4672-a5a8-00fe073cbea9","icnOpenMobileMenu":"b8649162-d084-4039-9c1e-7d4aa51f5eaf","cmpMenu":"d59ef5bd-e0d2-4b40-8c19-becc753e6869","cntCloseMobileMenu":"e3cef3d6-1ef0-4ae3-961b-7579e3b31bc2","icnCloseMobileMenu":"79d38953-02b6-4610-b503-294bdac8c3ce","cntMenuGallety":"0ece151d-371e-4207-82a8-333bcee3e24a","glryMenu":"367f46ab-cc3b-4140-8e8b-0d91ad9d3286","galleryTemplate2_3":"7a97c3a2-5b98-48c4-bfeb-bf2c633b55c4","lblMenuText":"384c2942-7c65-4c08-8f67-ba7a7af78f59","btnMenuNavigate":"276f82e3-69df-44a3-8114-e9e2d2c2df55","imgMenuIcon":"60678d16-4266-46ae-95d7-cb39e682111d","cntMenuFeedback":"df808bc5-6539-4e93-a599-a954ea54f895","lblFeedback":"faaf309e-001b-49c9-aa39-96c9957fec2d","btnFeedback":"706787ee-e900-472d-9a49-7232802fd722","imgFeedbackIcon":"e4a8ce07-514d-4ec1-baf5-d0389adb0581","imgHideMenu":"c2cdae5b-e6b7-40da-956b-5f77ff5ad556","timSync":"81e070ba-3e63-4a3f-9a08-c599c607ede0","cmpLoading":"7639ad96-baef-4618-b3ee-6527dad39b3e","spinner":"d71feefd-0ac5-4373-83a6-8de1251fb006","Success Screen":"29180fbf-9907-4e29-853d-04abdb7a321f","imgBackground_SuccessScreen":"a55be1c5-782c-4d7f-aa46-7188d6c3b5a6","cntSuccess":"9c68752c-6221-4ce9-88ac-89c3f331c514","imgSuccess":"22d7901a-b3ad-41a7-9909-a756b8666d08","cntSuccessContent":"8b5e54be-cfd1-4038-8d2c-796edb9fddd3","lblSuccessTitle":"10fc2dae-b974-4ba8-a192-79b49d0b4e70","lblSuccessInfo":"56d1740b-419c-46bc-a387-5c2afceb2e96","cntSuccessButtons":"3b9cf827-62d0-4b21-b3d4-3a87d410e20c","btnSecondarySuccess":"d9ca6083-fd95-4d55-9c4b-09511fc6acc5","btnPrimarySuccess_Project":"198679dd-09ea-46a2-8c85-23150ce726f7","btnPrimarySuccess_People":"183511b5-212e-40e1-8d8e-c8dcd6a6091c","cmpHeader_SuccessScreen":"133651da-eb0f-470d-9512-eb4209e3f063","cmpMenu_SuccessScreen":"fcba48a3-29f2-4ad6-8410-90890ae9719f","Project Library Screen":"7d0a1cea-c71b-46b0-8c89-7ad5cfde38be","cmpHeader_AllSubmissionsScreen":"ba4736e6-88fe-464e-bdee-af9e05f194cd","cmpLoading_AllSubmissionsScreen":"abf57abe-2db8-41c7-a1d8-2195c99f288c","cntADOLink_ProjectLibrary":"a0579fdb-9425-4c3d-8740-863b3ffff19a","recADOSubmitBackground_ProjectLibrary":"3e048aef-786a-483a-886c-f5f666c6f147","cntADOSubmit_ProjectLibrary":"809f07df-bba5-4de2-a7c7-a6de6313da13","lblADOSubmit_ProjectLibrary":"5306f058-cb68-49ad-b9b2-62570163b871","cntADOTxtInput_ProjectLibrary":"e83106f4-db7e-4cb2-a0dc-d4f2d157d52a","txtADOLink_ProjectLibrary":"f903134b-a183-4056-9e69-688bfbfa7b76","cntButtonsADOSubmit_ProjectLibrary":"aece2be9-eb47-4403-aef4-8f00ab37252f","btnCancelADOSubmit_ProjectLibrary":"20bfce91-ef47-47df-90b6-ef74088dcedd","btnSubmitADOLink_ProjectLibrary_1":"f083aa4b-c8af-4fd5-ac7f-f09de2da6ee3","cmpMenu_AllSubmissionsScreen":"9456379c-433b-4139-b2dc-cb060cabe661","cntAllItems":"dafed677-2b2d-4ca6-906d-50f4b7bfe27b","cntAllItemsInfo":"ce92f754-8db0-436b-8d7b-24390f3463c4","cntAllItemsHeader":"92e15a04-a7cb-4bbd-84c3-60f8e018eb7e","lblHeading_AllItems":"2d405a75-be9e-4e47-a36a-b4e02f8ef9c5","icoReload_AllItems":"ecdf291d-23ce-448c-a8bd-be0bc46c680a","cntFiltersTable_AllItems":"e0062b27-cd8b-416d-adae-21e91a71e62b","cntStationFilter_AllItems":"b42a40c6-1ded-409f-8112-33851e316d3c","lblStationFilter_AllItems":"83db97f5-c5b1-4562-acad-e416d520cc6c","cntSearchFilterControls_Admin_1":"90c64493-bb41-4e48-b3b4-d6f0895b05a1","SearchProjectNameTextInput":"a151e6ad-6837-4264-a2d4-5b759717711f","icoSearch_Admin_1":"968ac83e-e973-43ee-a0bb-28b362d930a8","cntOriginatorFilter_Allitems":"64ba0733-8bb2-4d24-a606-416d7917a953","lblOriginatorFilter_Allitems":"5888ddc4-2cf0-4100-b504-891169ba4539","cntOriginatorFilterControls_AllItems":"7704555f-4eba-4295-8ed2-9b7c72870743","txt_cmbBorder_5":"0226af19-9520-42fc-bc6c-7e954e9359f4","BUFilterComboBox":"657307cd-2a59-4df6-ae8b-a0f1068c8836","cntOriginatorFilter_Allitems_1":"31f3afe5-feaa-4cf2-95d0-1ea3adb24f6b","lblOriginatorFilter_Allitems_1":"b37220b9-f12b-4d85-9d6c-697b1ede6b55","cntOriginatorFilterControls_AllItems_1":"da1790b9-dc65-49c7-a80f-9448d01953df","txt_cmbBorder_6":"3841d180-e746-401e-a27f-ec8e827a262b","ClientFilterComboBox":"74680661-5b71-4d63-aaee-71ce8e0904ba","cntOriginatorFilter_Allitems_2":"b1f0e721-ec8d-467f-be7f-e2a50aba4b63","lblOriginatorFilter_Allitems_2":"68406e1d-7954-48b8-a8f7-b84f19fee86b","cntOriginatorFilterControls_AllItems_2":"a5b4406e-5527-41b8-bdd9-abab281cd676","txt_cmbBorder_7":"76692e9d-117b-4faf-9062-8e43f08a25a1","DisciplinesFilterComboBox":"3b7ab5bb-b8e7-403f-9111-ce01a3140a82","cntOriginatorFilter_Allitems_3":"e89f18e4-d53a-45c2-8304-54e008d41d0d","lblOriginatorFilter_Allitems_3":"379f7979-d4de-4517-a31c-9a1d6862e8b3","ActiveProjectsToggle":"27e9219e-2cd8-4d9a-91dd-260d6c99ff76","cntOriginatorFilter_Allitems_4":"366545db-7e6b-4b2c-92a2-bf3551b0c8f7","lblOriginatorFilter_Allitems_4":"1a4cf7ab-211d-40a4-aee5-254f9129106b","MyProjectsToggle":"79318f77-9e66-4cdb-919d-04d16c82b0b7","cntOriginatorFilter_Allitems_5":"52f50da3-8be7-4460-96a9-3d67751ab688","lblOriginatorFilter_Allitems_5":"a28bd2f9-fccd-4eef-a370-29f6a1b1a7e4","ActionableProjectsToggle":"4e29be67-1ef6-4bd8-9837-8283b743fb8f","cntClearFilter_AllItems":"31783073-1dc4-4536-8888-f3a8680effa6","icoErase_AllItems":"a726e136-35d5-41b8-bebc-14492f038177","cntTableI":"28550219-e821-4333-9e69-383935dec2e4","cntTableHeadingsI":"5a2429fa-5c84-4687-bbc0-d31f33716c0d","cntInspectionsTBTitle":"08b6f4d8-4431-488c-b11e-0284af9b71f7","lblStationTBTI":"124e69cb-ad0b-46a9-8bb8-ac51ad65e285","lblOriginatorTBTI":"56fd179d-75be-4214-bcd4-5df1f77e74bd","lblInspectionDateTBTI":"bac8b59a-982e-4452-bf2d-e175f2bddacf","lblCreatedTBTI":"239a014a-5a8a-40e0-87ca-41039696167e","SortStartDateIcon":"b58ece28-7afa-417e-8a02-f44d0302aaa8","lblModifiedTBTI":"03166c3b-1370-4619-8c1b-2b84a527a58a","cntActionsTBTI":"3f323daf-25d9-47de-b9ba-1ccdedabfd37","lblActionsTBTI":"6c325d18-ad06-4437-8706-f0d42afbc69b","infoTBTI":"b9b91111-c455-46a9-8cc5-59eb92bd88da","rctDeviderI":"aebd7ef0-f969-4bfd-8360-24098b6ad3ef","cntGalleryAllItems":"32ac6699-3df7-40b3-a622-f8c253dbfa17","lblNoItems_AllItems":"009f4c71-0274-43de-8ced-98cdeca7747c","galAllItemsTB":"78556a42-fe00-4cf5-aae6-a93064e44511","699b35d2-0f5c-44a5-a4c0-955d06677093_2":"df409729-0bb7-4262-b719-478d36294fe2","lblStationTBVI":"adeab160-9c4e-4762-b698-a32a5065558f","lblOriginatorTBVI":"75898d69-4579-43e2-be67-1fd7bea4d5b7","lblInspectionDateTBVI":"1de737da-7e40-428a-87e2-59eda10fb9ff","lblCreatedTBVI":"8b18830b-18ec-4f29-9e4f-939f661bbc66","lblModifiedTBVI":"43c5ce60-ac44-4e5c-b286-8be8f2a77b4e","imgDevOpsTBVI":"89e0bd7b-845c-4e38-bab5-c884f5360764","imgDevOpsGreyTBVI":"e02b69dc-9169-4664-a71b-1fa282f936ca","imgEditTBVI_galAllItems":"f9ce3da6-0aba-43e9-9d3d-43241b62748a","imgEditGrey":"9991ab52-facd-4b42-bb02-901af5413e62","imgViewTBVI__galAllitems":"3dca65b5-72b4-4253-aecb-359dbf838913","imgViewTBVI2":"8064cc9c-b3e1-4781-951a-8ad6f18e3d37","rctSpacer_TBVI":"ab7ecb56-ced6-4803-8edc-c66ae673e9f9","imgBackground_AllSubmissionsScreen":"f5e86819-63a6-4572-92d0-2dea488c8fa1","Project Info Screen":"98311437-e62b-46ac-bd35-9c9423595850","cmpHeader_ProjectInfo":"77cb922c-9684-47a2-bb23-6046a6192af9","imgBackground_ProjectInfo":"26547eae-eddd-4092-99d5-def5a6c72a59","cmpMenu_ProjectInfo":"2eef2f42-c23e-4da3-ab90-2ab1aed44e1c","cntProjectInfoScreen":"2d13b314-8206-47cf-ac16-13bf132840b4","cntIProjectInfo":"d562437a-cea7-4f99-86c5-f3d53a02d774","cntProjectInfoTitleRow":"e16d6fcd-f601-4d18-b078-846ca8f2e5d1","lblProjectInfoHeading":"52195354-b58e-4fe0-896e-f92ff525d2ec","cntProjectInfo":"1f2869ff-3c55-4059-b522-bb7f79078aef","TabListProjectInfo":"d73777df-7666-4eb3-b52b-24b4ebeab271","cntMainProjectDetails":"2b3fe243-9e0e-4d82-b092-9c4adf0583d1","htmlProjectMainInfo":"2c65ed08-3bd3-4816-b812-3cfb4c0de8c3","Client Info Screen":"cac8b307-8909-48be-b5ff-31db5b1477b9","cmpHeader_ClientInfo":"b5536889-c2da-4272-8756-11a4330cb142","imgBackground_PersonInfo_1":"1c3807d7-7950-4ae4-954c-fc14251c5f33","cmpMenu_ClientInfo":"a68cee35-f327-4e7a-9dce-04d166ddb0c3","cntClientInfoScreen":"a1e48f18-a6ed-4935-92f4-ef7460d38481","cntIClientInfo":"77e67acd-78af-422e-8936-3dc6e24b84a7","cntClientInfoTitleRow":"9e47b365-fe54-4735-ad8b-8561c33c1231","ClientLogoImg2":"0a915642-c1c4-4af3-b1de-d8e4ad634371","AddClientLogoBtn2":"daeb791d-f5ec-4891-829a-086f9bffb4a2","ClientLogoImg3":"5ab449dc-f9f8-4103-a512-f7f9a2f6d86b","lblClientInfoHeading":"d3d63eab-851d-40a7-9059-4d721b5b2369","AddClientLogo2":"8919b460-fa98-4baa-b961-5695ab023c20","cntClientInfo":"00fb2a33-8f68-41fc-9c24-8294f0aa36ac","TabListClientInfo":"434a68e5-5026-401d-af7b-d681350ac136","cntClientContacts_ClientInfo":"e242fc9e-39b7-4b80-9e18-ea10e6882d31","cntClientContactsTBHeader_ClientInfo":"18b5e0f3-f40a-473f-8640-a894ea6aae5a","cntClientContactsTBTitle_ClientInfo":"02b99093-636a-4490-aaa2-3dc849626890","lblContactNameTBTO_ClientInfo":"4a91d7be-b391-4f99-b6f3-88cb0e7086b3","lblContactEmailTBTO_ClientInfo":"c5896104-f0bb-4e59-b608-edb7e558bdd3","lblContactNumberTBTO_ClientInfo":"e8522be4-f90c-464a-8945-8c64f67031b6","lblContactRoleTBTO_ClientInfo":"6b802442-9894-4999-880d-4761186429de","rctDividerTBTO_6":"530c38d6-7ebc-4655-8283-e62d9771cd3f","galClientContacts_ClientInfo":"9cc719a1-537d-42a7-bdfa-0f703be3e355","57588b2b-c6eb-4133-a721-ea5ffeeed664_1":"5e03a49a-3183-4584-ab76-09d6f3284940","lblContactNameTBVI_ClientInfo":"caa69fef-fadc-40b7-bf25-fa55f0480d70","lblContactEmailTBVI_ClientInfo":"f879e422-7c24-4f2f-82e3-295e600eaac5","lblContactNumberTBVI_ClientInfo":"075aa0d7-5204-4ef4-bf8b-0048dec10b15","lblContactRoleTBVI_ClientInfo":"9b9f90c6-cb49-4019-9fe7-1b47ba7e330f","rctDividerTBVI_6":"f5994053-eeaf-442e-ba43-99cb2ce76d95","cntClientProjectHistory":"f7d7f096-466e-4e88-ba86-90216dda97c8","cntClientProjectHistoryTBHeader":"0ce4a2c6-1f4c-4302-8bd2-ac8bdb707292","cntClientProjectHistoryTBTitle":"c72fc8a9-4100-4ec2-acee-2ecccd893edf","lblProjectNameTBTO_ClientInfo":"7ecdf242-158d-43fb-9bcf-33732f3c7280","lblProjectSummaryTBTO_ClientInfo":"27aaf244-32c9-4643-9ca5-8e4c0a3dfaaf","lblSalePriceTBTO_ClientInfo":"bc1f8f72-b0da-4edc-9d1f-66804639cbe2","lblActiveTBTO_ClientInfo":"145f28ff-7237-459b-9095-669d511e2ed3","cntActionsTBTO_7":"cade7817-9589-47c9-8351-393b454748a2","lblActionsTBTO_7":"9c87e800-55ff-4b09-a664-aa4e9939b87f","infoTBTO_7":"80cd7362-307e-437d-8872-36f09206d1e2","rctDividerTBTO_7":"9140f534-e155-4794-89be-3e08725f34e7","galClientProjectHistory":"1eb31ee1-acaa-418c-a71b-e1edd7d0fef3","486fb9b6-1059-4e3d-9398-33a498c50710_1":"95b3703f-dafa-49f1-82dc-c8a547b17eb0","lblProjectNameTBVI_ClientInfo":"4cf588fd-43c0-4ca2-a9cc-b82790325d00","lblProjectSummaryTBVI_ClientInfo":"8999f38d-0dcf-47b9-92f3-a9ca8810cd16","lblSalePriceTBVI_ClientInfo":"f4be3baf-9b8e-42e7-97cc-e5c54d25b569","cntActiveTBVI_ClientInfo":"3f3c02bc-b439-47e2-9cfd-1e059505be86","lblActiveTBVI_ClientInfo":"46de5aa3-4f9d-4a9a-b357-f75073b84329","imgViewProjectTBVI_1":"f4e6328f-436e-4da2-a023-56aac4f80f5b","rctDividerTBVI_7":"9a21e89a-1c20-4e13-b527-9847415d83d7","cntClientGeneralInfo":"b8983148-ffd2-4905-af40-97b3490f2914","htmlPersonGeneralInfo_1":"f7e73eb0-e43c-480f-84b8-1e618085f5eb","Home Screen":"632eb0f6-998c-4d44-9d06-274e223ae741","imgReply":"40f4944a-4d4e-472b-a824-d8ee4e7dae66","lblWelcome":"d4eb6dd7-4e90-4e58-990d-063acc8e7de8","imgReplybrary":"9187854e-496a-47a0-9ece-287a2afbcf14","ctnHomeScreenBtns":"c3ca2459-41d9-43d2-8835-0968e39fc3f6","btnProjectLibrary_HomeScreen":"eb7d209f-9b13-4c84-98d5-a4707eb04eea","btnLessonsLearnt_HomeScreen":"31fd4556-aec9-40cc-9681-7790c6a4597b","btnReusableIdeas_HomeScreen":"bd0b32e9-e7e8-42ec-b835-9068bf85c0a0","btnClientLibrary_HomeScreen":"4e6c842a-3031-4dec-b94d-ba96b164ee39","btnPeopleLibrary_HomeScreen":"d9f3073a-acaf-44ed-9598-2292985242ac","btnPersonalDetails_HomeScreen":"32075d3e-f26a-4bf4-b7ab-9cac5c0281ab","imgLibrary":"7048704a-25ad-4519-8b64-41b3124c2add","Lessons Learnt Screen":"0de02857-542a-4999-90fc-32bc2b95d37e","imgBackground_AllSubmissionsScreen_1":"abd98d21-395d-4eaf-a2ba-a4f71baa8bcb","cmpHeader_LessonsLibrary":"8cf15d3d-c653-4f1b-9570-2c0e36fef2fc","cntExpandedLessonBackground_LessonsLibrary":"395bcc11-419c-4dde-96cc-9b3a65f62e40","cntExpandedLesson_LessonsLibrary":"0a5f5d25-8d72-4849-a244-327bbb62cf29","cntHtmlLesson_LessonsLibrary":"9fc39ec8-845d-480e-ac08-f9c8e7fb9c3a","HtmlLesson":"25338410-f6b4-45b3-bbfc-aa19b0bc5522","cntButtonExpandedLesson_LessonsLibrary":"93118a67-1503-43b1-9c4f-494b8f11181f","btnCloseLesson_LessonsLibrary":"0dad7c3d-4d4a-4aec-b8f0-fe75a89c40e7","recADOSubmitBackground_ProjectLibrary_1":"51f7e14b-28a6-4693-8f45-35004a44994f","cntAllLessons":"322c640f-cf13-4da3-a656-3a6afc26be48","cntAllLessonsInfo":"04e0952c-a7fb-4a28-bc0c-1e6fd5be6db5","cntAllLessonsHeader":"3d0bb509-a207-4adf-8c22-f1dd71778505","lblHeading_AllLessons":"17358485-7907-4087-9d35-1d44880d57ee","icoReload_AllLessons":"7c94d519-4bc5-42a4-8e51-bc3d383ac6ea","cntFiltersTable_AllLessons":"c96b907a-01e5-4cfc-881d-85fad4a62a28","cntTitleFilter_AllLessons":"ce2ff663-6085-40ee-b930-4ba6adc6ce5c","lblTitleFilter_AllLessons":"a845b149-78d0-477d-93a7-8f9be361d5b9","cntSearchFilterControls_AllLessons":"e1c2875d-754c-458e-aa7d-3e6220a8d74a","txtTitleFilter_AllLessons":"4fe739c5-6074-4c7c-af5a-9aefacc3745f","icoSearch_AllLessons":"a00950a9-39d8-49b8-afb2-b000524c2989","cntDisciplinesFilter_AllLessons":"8ed7457c-f8aa-427f-8ca0-06af6db4c104","lblDisciplinesFilter_AllLessons":"42d76fe5-1cb8-42c1-b698-11630b64943f","cntDisciplinesFilterControls_AllLessons":"8af5137a-a0d4-4ac4-a28b-8d17fc533f12","txt_cmbBorder_AllLessons":"3fdd531d-88a7-419e-80fd-747a3b343a8a","cmbDisciplinesFilter_AllLessons":"bd98d351-23fd-4cb8-ae29-061c19a7976c","cntProjectFilter_AllLessons":"caf2e608-c080-410b-83b9-0dead5527b1a","lblOriginatorFilter_Allitems_7":"b4e138f0-4bb3-411b-bdf3-6f36dab06826","cntSearchFilterControls_Admin_3":"cefe1fb9-9824-4bce-b793-7c249b23a89b","SearchProjectNameTextInput_1":"44c7f53c-5bff-42d1-aad2-a59b5bb81fde","icoSearch_Admin_3":"c00e857c-9fce-4014-9482-bee1d8bd8fef","cntClearFilter_AllItems_1":"223b1410-1201-45c1-bca1-f51fb0c54e02","icoErase_AllItems_1":"d936b3e3-041e-4ed7-985d-fe4272040e1c","cntTableI_1":"d5f22715-a7d0-4567-9523-21653c20ac14","cntTableHeadingsI_1":"ed1efedf-f306-4b60-9f8a-b299385db6ee","cntInspectionsTBTitle_1":"8831749d-1767-423d-a5de-3127f2e9d463","lblStationTBTI_1":"87756af8-f174-4d41-8d35-b685485c85b5","lblOriginatorTBTI_1":"85d8a2de-33e0-49ad-819b-573644236f42","lblInspectionDateTBTI_1":"0c92cf44-7450-4df3-99dd-0804474daaba","cntActionsTBTI_1":"424c0e66-fc2c-4fef-9288-fcda928f5a91","lblActionsTBTI_1":"71256ce6-6330-4f36-afae-b981083fd950","infoTBTI_1":"cc0dfe98-4fc3-431b-a09d-d04e418c8b41","rctDeviderI_1":"d215c5f4-1727-4d00-b4b6-eb6757ed26b1","cntGalleryAllItems_1":"b9ef0705-f8a6-4258-a449-41b224281549","galAllLessonsTB":"799aedcc-d3c8-42c4-8167-89c32198a8f0","b176eec5-1c86-4827-9a0d-f4e1b634adeb":"01e0a963-6ff2-4dde-bae9-590848a7814b","lblLessonTitleTBVI_AllLessons":"6dec9b4f-90c0-403e-83db-a0e3a7f8ff2b","lblLessonDisciplinesTBVI":"177763bd-d629-420f-9a6c-927deca21ed9","lblLessonProjectTBVI":"fa77fb5b-573c-4352-a7c1-a56e702f920b","btnViewLessonProjectTBVI":"7f48d838-c333-4004-bba5-4d69e46d1751","imgViewLessonTBVI":"3b39128a-4439-4272-9a32-f5eb17186cc7","rctSpacer_TBVI_1":"b5e580e1-89ee-447e-9144-a7d5cda18e29","lblNoItems_AllItems_1":"28d04f92-8d3d-47e9-a64b-dc6c81ce7761","cmpMenu_LessonsLibrary":"65276e5b-736f-4b54-8dbd-10d23dc88303","Reusable Ideas Screen":"5e5d0b5f-4d5c-41df-a397-e80be375199d","imgBackground_AllSubmissionsScreen_2":"e64a86f3-13f4-4364-aaa8-0a248637bc69","cmpHeader_AllSubmissionsScreen_2":"216843c0-0ddb-43ac-8abd-c6b08bb133d4","cmpLoading_AllSubmissionsScreen_2":"e1074a44-cff5-4e09-9b37-eec09e5b0fc0","cntExpandedIdeaBackground_IdeasLibrary":"8aade2f3-c288-4826-b209-63200f1e8cad","cntExpandedIdea_IdeasLibrary":"eb219314-a257-4faa-bc32-0eb67976cbe5","cntHtmlIdea_IdeasLibrary":"90964323-b3b0-49af-8cfa-660026a71442","HtmlIdea":"559c9f22-17a0-4ee2-86d4-f2931a3f6453","cntButtonExpandedIdea_IdeasLibrary":"585e3fd3-a962-48a7-aeb8-2ed1811350d9","btnCloseIdea_IdeasLibrary":"5f9c3bf2-991e-4d26-aa3d-09058a6906c0","recExpandedIdeaBackground_IdeasLibrary":"97668b4a-9c32-44b2-9044-63919ff9b35f","cntAllItems_2":"caaea74c-5a54-4e7e-a63c-435c869ec114","cntAllItemsInfo_2":"fb0e5907-7538-4354-b3cb-d8f4b4beea3e","cntAllItemsHeader_2":"577b4333-513d-47fb-9e0e-e15ce792062c","lblHeading_AllItems_2":"4702b90e-6b84-45bb-88e3-d942bbd5fef1","icoReload_AllItems_2":"31379e01-004d-4940-b9c7-aef74e9842a8","cntFiltersTable_AllItems_2":"eabfc589-0dcf-4ecc-8bff-e47cbcaf4dbd","cntStationFilter_AllItems_2":"80b32a0b-6663-4b91-a705-b0bd22e56f47","lblStationFilter_AllItems_2":"6d88629e-1c72-4ab5-9038-018548940c77","cntSearchFilterControls_Admin_4":"cf62e58a-efc3-4dbe-983f-2a12ae5c8e65","SearchIdeaNameTextInput_1":"29f4e60d-bb38-4cad-8e41-47fe7597b7c1","icoSearch_Admin_4":"3a167e61-4fb6-48eb-ae44-726bf1890660","cntOriginatorFilter_Allitems_9":"2f93a5cf-03e0-4f8f-a7d0-a6aa9381a361","lblOriginatorFilter_Allitems_9":"8013c0a1-1892-4826-b623-e83e20b8e91b","cntOriginatorFilterControls_AllItems_6":"a863434f-79bf-4f70-99bd-f10c6c672de3","txt_cmbBorder_11":"7a37fbe3-4c06-4dbc-b70f-ff9a497a0847","DisciplinesFilterComboBox_3":"73c4659d-0fde-4065-87ed-32d75f856837","cntOriginatorFilter_Allitems_10":"5813595d-c801-4c8c-9ceb-3da6256cae1f","lblOriginatorFilter_Allitems_10":"782d91da-8442-48ad-85e1-386c5d9e2cb8","cntSearchFilterControls_Admin_5":"e38d9db2-b0ae-4753-9567-cf2e1318e93d","SearchProjectNameTextInput_2":"cb47bd8a-3704-4058-b5f3-65cccae65c67","icoSearch_Admin_5":"5888435f-8631-46d9-a943-2d3936321c76","cntClearFilter_AllItems_2":"ecffd229-52d2-4577-a530-753272fa6deb","icoErase_AllItems_2":"a93de6e3-952e-4ff8-8ca8-de5c7d65c933","cntTableI_2":"28fa4a49-65e0-4eb6-b22d-7da748adb7d0","cntTableHeadingsI_2":"c146bc2d-3691-4c75-90ff-147ab2661b4e","cntInspectionsTBTitle_2":"01284edc-7cb5-4968-88c2-681acb46d6dd","lblStationTBTI_2":"2ae9279f-787d-4ef7-a104-7ca1376a5911","lblOriginatorTBTI_2":"9ee835bc-e1e6-4771-ada5-fef5d547ff8b","lblInspectionDateTBTI_2":"ad5723f8-82ac-4b4a-860d-61424a3219d8","cntActionsTBTI_2":"5817eb01-9c04-4809-9b5d-cb698d7432a9","lblActionsTBTI_2":"74b63d50-c3c4-44eb-86c9-3243d0bebdfa","infoTBTI_2":"2001f496-3e5c-4e57-87ad-d0b1e77724a3","rctDeviderI_2":"728c1cb9-074f-4b5a-a3aa-bd4e9fabec3e","cntGalleryAllItems_2":"4c7e08cd-8eff-43ca-b7f9-d1bd8de41987","galAllIdeasTB":"0574fa39-c7ca-464d-911f-25128c97414d","b176eec5-1c86-4827-9a0d-f4e1b634adeb_1":"62ede171-f1f6-4420-be2a-ab57b0b9af3e","lblIdeaDisciplinesTBVI_AllIdeas":"e3a5607b-cfaf-4ee3-ad92-6f1e4d980511","lblIdeaProjectTBVI_AllIdeas":"3bde013c-24a2-4b3d-bef8-8f6a66d86174","lblIdeaTitleTBVI_AllIdeas":"30441c14-05f6-440c-b98f-8daf7ce33751","btnViewLessonProjectTBVI_1":"6d19f97d-594b-4fe7-b2f7-60d30bddfa5d","imgDeleteTBVI_3":"40fa2a33-022e-476f-9247-ba7dd6793e49","rctSpacer_TBVI_2":"f10f4eae-94b9-4174-9b9e-f94eac1416aa","lblNoItems_AllItems_2":"a4fbee33-8a7b-441f-b56c-0ececda0124e","cmpMenu_AllSubmissionsScreen_2":"18ba76e6-114f-41d9-a04c-d9e83c4a5de4","Client Library Screen":"d7a1c319-40a1-4156-8d88-52aa086c1d5e","cmpHeader_AllSubmissionsScreen_3":"9c5ae68b-ff59-47d3-983e-97e8ab876f9a","imgBackground_AllSubmissionsScreen_3":"25af34ae-ebc2-41b4-9c21-967816d50186","cmpLoading_AllSubmissionsScreen_3":"157a009b-40fd-4788-a852-11f0c284c712","cntAllItems_3":"2ab8213a-4dc8-492d-be9b-5831b7f62a55","cntAllItemsInfo_3":"7631a33f-7012-4aa9-bd77-3a7bc15b6b34","cntAllItemsHeader_3":"c501a48c-eeae-45d1-98b6-3b06adbd148e","lblHeading_AllItems_3":"d34c39d9-5dfd-4eae-aaa5-317a0f80e38b","icoReload_AllItems_3":"7faed46f-a26c-466a-a481-be77c54f1e8b","cntFiltersTable_AllItems_3":"40af990b-296a-4081-877f-49b92ac9e008","cntStationFilter_AllItems_3":"efe3633c-1b17-46f0-bba8-a7f992da4acf","lblStationFilter_AllItems_3":"d12a24b1-acb0-4584-8758-75e88bd08dbc","cntSearchFilterControls_Admin_6":"b769653b-5ce9-4c9e-b49d-5b5a58daa7f8","SearchClientNameTextInput":"5970c4e0-1f1f-4542-88f4-52e90d742b56","icoSearch_Admin_6":"97ae8b9a-665e-4cb5-9b08-4e046e0ec965","cntOriginatorFilter_Allitems_11":"6fe0c268-d42a-45dd-afff-16146c07b110","lblOriginatorFilter_Allitems_11":"d8712760-7fa3-4cf5-9d95-c8872ff8b056","cntOriginatorFilterControls_AllItems_7":"e638d2e5-a474-4e9e-95e9-4589266c2855","txt_cmbBorder_12":"d8bc6d6d-593d-46df-8404-9d58b3937c63","IndustryFilterComboBox":"4506dfb9-a10b-4e2c-a1fb-054bc4bbe194","cntOriginatorFilter_Allitems_13":"1396bf5d-68d8-49a0-a6bd-0282d950327b","lblOriginatorFilter_Allitems_13":"dbe8dfd4-5829-41b2-b55f-13d9b5a7870f","cntOriginatorFilterControls_AllItems_8":"e7963c7a-0e68-440a-a708-8e59ad28e564","txt_cmbBorder_13":"69e135b2-3d02-4380-8d90-35067dbcb9c6","StewardFilterComboBox":"c733a82e-f796-4c81-a124-b83bd5e2d909","cntOriginatorFilter_Allitems_14":"5e6dcd2c-5a07-45f8-9547-9cb795cc6bca","lblOriginatorFilter_Allitems_14":"805bbe51-a4f2-4cd5-aaf1-a3b88ca5b72d","cntOriginatorFilterControls_AllItems_9":"8cbffcdc-25a2-4940-884c-14ee4f047e18","txt_cmbBorder_14":"276f524c-cf61-4744-9546-a7b255b36a83","BUFilterComboBox_2":"4f39550f-e3a6-4017-b0f3-c1ce78f34337","cntClearFilter_AllItems_3":"c6c01e06-b7bf-4ca5-af32-44ddf58acf35","icoErase_AllItems_3":"813719f7-9d52-4427-8e2b-655a1f29202e","cntTableI_3":"60070b54-7c26-43c6-a4e9-1b8ec8cdaca6","cntTableHeadingsI_3":"15be5ba5-1da9-4a64-a0e4-587323ca2898","cntClientsTBTitle":"30660d73-e9f2-45b4-9cf6-d0a09f37214f","lblLogoTBTI":"1cf20c6a-be68-444f-8ffa-f2331a79452c","lblClientTBTI":"fe28bd78-bd3e-4e93-a6e0-7dbc7407b7bd","lblIndustryTBTI":"8395ecb9-2b4c-4490-b82f-4df92cef7c52","lblStewardTBTI":"6f378e42-7eac-497f-814f-27895476ec33","lblProjectsNoTBTI":"8801774d-8b73-4948-b01b-39126936bf2b","lblTotalSalesTBTI":"8a34801a-5635-40c5-9517-f13e2b376de8","SortTotalSalesIcon":"8fd95074-0393-4c1e-8bb0-4f4b7eabe019","cntActionsTBTI_3":"31308817-1aa6-4e73-8131-47345360de0c","lblActionsTBTI_3":"0ee9d9b9-c54a-48ac-9605-41926e706445","infoTBTI_3":"58cbb6a8-4054-42eb-adc4-c1f4a1210f0b","rctDeviderI_3":"7b89aeab-2d63-4add-a280-9507381cda6c","cntGalleryAllItems_3":"b7ae65ed-7b85-4821-8148-ca4279b20fc9","galAllItemsTB_3":"fdcc6bd7-a0f2-4171-9fac-340b654120e8","b176eec5-1c86-4827-9a0d-f4e1b634adeb_2":"05b8ad05-bf72-4a08-8010-ad5ca89e12eb","lblStationTBVI_3":"35cf6a38-cd28-4c54-8542-d41073a0df2f","lblStationTBVI_4":"4a5bf4cc-f6e5-40d9-a2d2-6aefba266553","lblStationTBVI_5":"2c4c5a5f-a0eb-4504-a213-16daf6ec2a0e","lblStationTBVI_6":"c4bf9bda-c5c9-4830-b475-9f24b040ce26","lblStationTBVI_7":"e0ac48df-2cfc-4503-b75f-11dd6f744b94","ClientLogoImg":"9d3e7a0c-d4bc-4217-b374-b9731127b347","UploadedLogoImg":"b7989454-97c1-4b1c-9d0f-d7d30f585b2f","AddLogoBtn":"bb77381c-6e81-457f-bad4-76dd516597a8","imgDeleteTBVI_4":"b05ab19a-bc68-4f5d-bf38-e9a96792a733","rctSpacer_TBVI_3":"1fa6a674-a3a0-49cd-932d-662a904dbbb3","AddClientLogo":"9e9483d1-94e3-418c-b602-cf48370bae43","lblNoItems_AllItems_3":"bd888273-4933-44c0-b8fd-0bd272a55ae2","cmpMenu_AllSubmissionsScreen_3":"f1e864d3-6b4a-4d31-86ac-2fd14f97f6ab","People Library Screen":"d9a88b31-7784-4746-90c7-f6986d2a59a3","cmpHeader_AllSubmissionsScreen_4":"5b3ec42a-c059-4d91-9890-acc70e3f7179","cmpLoading_AllSubmissionsScreen_4":"c9538bf9-1f24-445b-b5cc-27725bd3f0d8","cmpMenu_AllSubmissionsScreen_4":"211372e5-6252-49c1-9dd8-1216e5fc41cf","cntAllItems_4":"2a9f36af-5127-4f9a-9def-a551b1bc74aa","cntAllItemsInfo_4":"f67ad110-7d23-4b8e-b4f4-6762388607e0","cntFiltersTable_AllItems_5":"c0ed9abd-8302-4bdc-80c4-de5a02915590","cntNameFilter_AllPeople_1":"1e049509-3c62-45a3-95a1-f9a61b4e657b","lblNameFilter_AllPeople_1":"56bbae95-5adf-4176-b48b-71b114977a24","cntOriginatorFilterControls_AllItems_16":"af77d377-d321-4e86-95f6-d96a69da2f10","txt_cmbBorder_21":"08dbf9ec-2715-4a8b-903b-9b55e350a46b","LevelComboBox":"cf45fded-b549-4870-a8aa-f0f24950d79f","cntOriginatorFilter_Allitems_20":"941c4d66-97bd-4fed-9f5e-56e0722502f0","lblOriginatorFilter_Allitems_20":"f9e29a72-b4ec-46e4-a411-1df189630214","SecurityClearanceToggle":"c5d835d2-d151-4981-9340-b1f6dbebc594","cntOriginatorFilter_Allitems_21":"549027a0-7c10-4ef1-a644-381d9cabe029","lblOriginatorFilter_Allitems_21":"a8ca014f-d21b-4fb1-805e-b8dca19cfaca","OtherClearanceToggle":"fd566e35-7db9-41a4-9db7-45558f4a3341","cntAllItemsHeader_4":"381ea243-572d-4cec-833a-59e50790c3c0","btnInspections_HomeScreen_2":"fcc897bf-4fc5-4abe-9216-58b447c22f34","lblHeading_AllItems_4":"d3f78896-5c5d-4faa-810c-dd6d1552cb68","btnNewInspection_AllItems":"1e41afa9-7741-4c47-b729-e01c69c23132","icoReload_AllItems_4":"b1ee6bc4-01b9-41e9-8134-7ce596f78e42","cntFiltersTable_AllItems_4":"3a943bc1-4c00-4654-8527-98f8201a2fa4","cntNameFilter_AllPeople":"28538e60-2b3b-48c0-9fe6-d99af288f793","lblNameFilter_AllPeople":"4c7d2775-3e34-43f5-97df-00761fedc6d6","cntOriginatorFilterControls_AllItems_10":"9eb29ec5-c65a-4cd6-a94a-e50836fa3381","txt_cmbBorder_15":"a0ab405b-0fea-4685-aa10-6a0cdbd7171e","NameFilterComboBox_2":"0f121c30-b881-4a9c-8d03-3df5c3a8c450","cntOriginatorFilter_Allitems_15":"7cd1d876-59fc-4d82-bafc-2f68829b2e29","lblOriginatorFilter_Allitems_15":"08a1bd60-aab8-41cf-a398-95b87df6a51a","cntOriginatorFilterControls_AllItems_11":"de0d7e32-3336-4311-b8d4-558fc6295931","txt_cmbBorder_16":"67596af5-b4b4-4aac-b523-deaa527f7e62","BUFilterComboBox_1":"59f94e99-a53c-41ea-8b6a-505d162a1465","cntOriginatorFilter_Allitems_16":"e776b647-01d3-4d85-a1e4-4f69c8c9c39b","lblOriginatorFilter_Allitems_16":"1531890e-0655-42cd-b999-6be4b169f677","cntOriginatorFilterControls_AllItems_12":"678e0601-2b2e-4aee-8cc9-27d1b4521b55","txt_cmbBorder_17":"c4f849c2-d984-4021-ad71-264ac816baa8","OfficeFilterComboBox_1":"69343fff-fdba-4594-99b8-b2bf8b7fbb33","cntOriginatorFilter_Allitems_17":"e283d07e-c73c-4dfa-95d3-c1235bf3e5a6","lblOriginatorFilter_Allitems_17":"9b9fb4cc-010f-453e-b482-192e85f538ac","cntOriginatorFilterControls_AllItems_13":"9d949e6a-0208-44d1-9a29-c4945038cceb","txt_cmbBorder_18":"7560e956-0f68-488c-a921-483f009786b5","RoleFilterComboBox_2":"08e97ba3-df8a-4a4d-9a08-2fe6b9808423","cntOriginatorFilter_Allitems_18":"0fb2748b-3751-4c79-b081-6233234624e7","lblOriginatorFilter_Allitems_18":"fc6e718f-6b91-4874-98b0-2e4d459727eb","cntOriginatorFilterControls_AllItems_14":"c5a0e93c-13db-4643-847b-c70f3ddcde22","txt_cmbBorder_19":"88450bd5-1270-416b-b503-729215f3fa6e","SkillsFilterComboBox":"7fc03507-1ace-4773-971d-ac89cea35fbe","cntOriginatorFilter_Allitems_19":"f23f421d-abec-4eb3-8d59-d1a76e3937dd","lblOriginatorFilter_Allitems_19":"0f0972e9-2a5e-4a3c-968e-dbde89385a9d","cntOriginatorFilterControls_AllItems_15":"745d3474-911e-4397-bd19-0271b776e577","txt_cmbBorder_20":"e16ff632-2ccb-48c7-b72b-d1055a3cf54b","SkillLevelComboBox":"f6b1d232-17c9-465b-930f-c47e99c963ca","cntClearFilter_AllItems_4":"c53615d0-260e-4bf3-ab55-104347dd2604","icoErase_AllItems_4":"4e84f030-2a15-479f-919b-e719ec514750","cntTableI_4":"13e47b62-e018-427c-b3a4-b04304f02132","cntTableHeadingsI_4":"17995308-9871-4159-b1a2-163756675849","cntPeopleTBTitle":"9a846801-5876-4472-ba63-c10503bc34e8","SortSkillsIcon":"fd2a3363-ae2e-4f8c-beb5-f1f4a6a957c9","lblProfilePicTBTI":"a223637c-f79b-472a-a160-74f66b7f381e","lblNameTBTI":"4dac70ac-2e4c-4386-87ae-eecc8026c0cb","lblRoleTBTI":"671b79a5-bb27-490c-82ba-8f4a80916456","lblOfficeTBTI":"bae852eb-61e9-4c67-9ee6-cef9fc4d276c","lblBUTBTI":"fe509934-c220-4efd-b3a6-93adbecb21a7","cntActionsTBTI_4":"7642382b-4d14-4b3a-9397-b95f87482b3a","lblActionsTBTI_4":"0bf037cb-a158-4000-b190-b1c8ec49feba","infoTBTI_4":"67e6332e-1d26-4d02-853a-4f1508689a7d","SkillSortComboBox":"ebd2b039-701e-4a36-9a25-4f2197c9d95e","rctDeviderI_4":"2e9ee1a6-487b-49e5-b4d5-016ac86ba6b9","cntGalleryAllItems_4":"2719b5c8-c5a1-4084-bc0c-8ee1c237f64c","galAllItemsTB_4":"093586d4-388b-4e4e-9b82-2c1702fa350e","b176eec5-1c86-4827-9a0d-f4e1b634adeb_3":"78cc9078-d403-464d-81ce-a6416c62d953","lblStationTBVI_8":"2b1602d8-9b22-4bfc-8970-0453c6fe6420","lblStationTBVI_9":"8102137c-fcbb-4822-b351-b21cb942c798","lblStationTBVI_10":"56e15601-f3d7-43c9-9000-f745f659f7c1","lblStationTBVI_11":"96eb8c96-a1dc-4f0c-9509-db897475a69f","lblStationTBVI_12":"d1aecce8-4303-405f-88b9-f4fd6c4c1238","PersonProfilePic":"45e5090a-93ed-4af4-822b-a97db7658cc6","imgDeleteTBVI_5":"b177bf29-c127-4ba7-b4df-6907fa999077","rctSpacer_TBVI_4":"698d5fff-5eaa-4868-8c15-eff26a6bacdc","lblNoItems_AllItems_4":"9bec951f-484a-4651-b318-67047806aa17","imgBackground_AllSubmissionsScreen_4":"086afb59-492a-44f6-92a9-de7a64a1aea9","Personal Details Screen":"771cd2bc-ffa9-48d4-9a64-ff7909ac5a19","imgBackground_PersonalDetails":"37a4dd93-65e5-4749-b292-a646445e838b","cmpHeader_PersonalDetails":"09b13ee3-a137-4506-8a17-d351c507f923","cmpMenu_PersonalDetails":"18dc1083-05bc-40e3-85ca-0bad710b2d9b","cntDeleteAlert_Form_1":"2e8c1f9a-3ee7-4b3e-a872-2e08a81df8a2","recDeleteAlertBackground_Form_1":"2329b41c-1b50-421f-a24c-5d3c0ba58e57","cntAlertDeleteBody_Form_1":"06692570-dfca-49ef-b27b-83af7d32ca10","lblTitleDeleteAlert_Form_1":"3c1d0759-21cc-484a-b1aa-a422800746a3","lblSubTitleDeleteAlert_Form_1":"8a562946-2429-499e-95d1-923805f3f581","cntButtonsDeleteAlert_Form_1":"eb094cf2-f311-40d3-ad9b-ec6a15eec6c9","btnSecondaryDelete_Form_1":"7e9b9610-2135-42eb-ba49-2569ef5a27bb","btnPrimaryDelete_Form_1":"a317d1f1-ea2a-435a-ae6b-5c7ad1396835","cntFormScreen_1":"f24438ce-5fed-411e-bb63-5ff9df42a725","cntIFormInfo_1":"ef133452-036d-4b9f-8494-a05972d9a41e","cntFormTitleRow_1":"422aed7e-ccd9-40b1-892e-d28ec106a8b0","lblFormHeading_1":"410f50ae-33ed-4000-aba7-c15d303c6762","lblIFormSubHeading_1":"491fb3c2-1e1b-46fc-a3ab-e27e856f158c","cntFormPersonalDetails":"f52becc2-4676-4057-aa2e-0e2c894661de","TabListPersonalDetails":"3fb6a5cd-9c62-4cd1-b82d-289b77e1333f","frmPersonalDetails":"15eb2c13-6afd-412f-af1c-fff2f072c6f8","crdLineManager_frmPersonalDetails":"d4e1dbe7-d629-49f7-87b3-6055018e0fd4","StarVisible1_2":"e557ea56-3a1d-44ec-b58f-682570b9d29c","lblLineManager_frmPersonalDetails":"e85ae11c-9b9e-4a28-9dba-66cb901b3e22","cmbLineManager_frmPersonalDetails":"bd97ecbb-27e9-4bce-9775-02125be3de7e","ErrorMessage1_2":"855e0d8d-15ea-4848-a43e-811fd2cb3411","crdLevel_frmPersonalDetails":"985fd863-e48d-47db-8228-8022f562950a","StarVisible1_3":"04a73158-aba0-4a92-b055-83867868249d","StarVisible1_4":"1439e17c-5e75-48a2-b86c-cc145148218a","lblLevel_frmPersonalDetails":"d716233f-e546-475a-bb2a-9849dc8c3d5d","cmbLevel_frmPersonalDetails":"14442b7b-8e09-4ac5-9b97-18db9a868c54","ErrorMessage1_3":"968cafea-8809-4bfd-a93b-e23ef3df0ef6","crdRole_frmPersonalDetails":"4d195ac1-ba5a-4479-9456-16822d95f06e","StarVisible1_5":"228f4747-5fac-4065-8231-20b60c45697e","lblRole_frmPersonalDetails":"cf41c9ba-2872-4ce4-8c41-e1ad335c7b22","cmbRole_frmPersonalDetails":"105b7732-d106-4dd6-a8c7-22e9f1cfcd88","ErrorMessage1_4":"6dede19c-5992-4697-aba1-fa3964fc5603","crdBU_frmPersonalDetails":"71251927-2bd3-40bc-b771-ad420870360f","StarVisible1_6":"0834c22e-396a-4adc-a873-0b8a8cdcf305","lblBU_frmPersonalDetails":"f5456c55-fb66-4dd4-b75c-0c8207def0f5","cmbBU_frmPersonalDetails":"6e6f920c-5a0b-48af-8b27-dfb153245e52","ErrorMessage1_5":"c112b787-88b6-4fb5-b51c-01857d35f63f","crdOffice_frmPersonalDetails":"04867d3e-bd4f-4038-82ce-836405f498cc","StarVisible1_7":"d5acf6a6-2a94-4549-b1af-b0183d7e699e","lblOffice_frmPersonalDetails":"4adc9d02-aaf4-4493-b2f6-c2f02b04eabc","cmbOffice_frmPersonalDetails":"9c787472-f691-4702-9716-5adbbd3e87c1","ErrorMessage1_6":"b54d1a06-4d59-4296-90f6-d15928551a16","crdSecurityClearance_frmPersonalDetails":"719851b6-9cd8-4064-a79c-b1521acf8f2e","StarVisible1_8":"7cebae95-8c10-4288-8e87-dd0a761e96ca","lblSecurityClearance_frmPersonalDetails":"7595a68c-0602-41ec-967e-b35b24a5b723","tglSecurityClearance_frmPersonalDetails":"d4238482-d4c6-447a-9830-ff0a1ae41f71","ErrorMessage1_7":"929a454a-7ab3-49c1-9f4b-fd93cac25ba3","crdOtherClearance_frmPersonalDetails":"52f8d67a-d72b-4f8f-9d62-dd9b3d6eb48b","StarVisible1_9":"b0f12082-ab57-48b6-8407-642d9745a52f","lblOtherClearance_frmPersonalDetails":"72d480e9-5d95-4b99-ac0b-b52549d30ca6","txtOtherClearance_frmPersonalDetails":"c0783c0a-3403-41e7-b0cf-6413f92f76ab","ErrorMessage1_8":"ac32d1e5-ced5-4c03-9629-d0e26994f55e","crdSkillsInstructions_frmPersonalDetails":"eb4037d1-27c6-4752-a8ed-b557b0a994e1","htmlSkillsInstructions":"6d1d90a3-0d12-4665-abc0-5f2195a6545c","Skills Bio_DataCard1":"233321e1-930e-4446-8ad3-ef2522eb1dea","lblSkillsBio_frmPersonalDetails":"e40ec606-83cc-4a4d-b3bc-5127f0ba11c0","txtSkillsBio_frmPersonalDetails":"695d47e2-a381-40e9-898e-cb1871fd7278","ErrorMessage1_1":"e92b24c7-8e1f-4aaf-99f7-d9cd6339546c","crdPowerPlatformSection_frmPersonalDetails":"eb9d7688-da99-4035-8130-f49e9e2996de","lblPowerPlatformSection":"1f0fa8c5-90ed-4296-891d-fb3784396aec","icnPPArrow_frmPersonalDetails":"2720939b-a53d-4417-9a8d-b475441ad0ad","crdPowerPlatform_frmPersonalDetails":"15360cf8-4682-4e1a-90f2-884a7995988e","galPPSkills_frmPersonalDetails":"2bcf0248-3314-4d54-a512-fe3d37f401d9","5e7a97ba-d5fc-4ab1-ada9-7e3429953d0b":"0338546a-2a1a-4a46-8517-42fb5682639e","lblPPSkills_frmPersonalDetails":"3c7bf68c-e616-4704-97df-28e428c1778e","txtPPSkills_frmPersonalDetails":"e564c63a-7347-49f6-bcaf-f217712578fb","crdCustomDevSection_frmPersonalDetails":"8204bbcc-b494-4a0f-b1f4-729bc2eddc33","lblCustomDevSection":"82f47698-6523-48dc-aaef-4c35019c89d6","icnCustomDevArrow_frmPersonalDetails":"0bc490dc-56e4-4c1f-9fbe-c2627f22f26f","crdCustomDev_frmPersonalDetails":"c2176a9d-5424-41d6-90b1-65279408d9b0","galCustomDevSkills_frmPersonalDetails":"980ddd1a-9ca2-4e22-9979-8ce07b17afc8","192d5f48-8a7f-47fc-9cd2-bdeb6fc3e622":"4fc9606b-7370-4dcf-a123-18e6f8a78385","lblCustomDevSkills_frmPersonalDetails":"4ca6c755-ea75-4c88-a876-04648611a705","txtCustomDevSkills_frmPersonalDetails":"34a69abe-35ac-4223-9a9c-748db4bff2da","crdCreativeDesignSection_frmPersonalDetails":"134aa8a4-69d1-450f-84ea-d6130b3ad9ed","lblCreativeDesignSection":"0c83ac6c-2a4d-48f7-854e-5395181d1446","icnCreativeDesignArrow_frmPersonalDetails":"bfd4323a-e965-48ed-9d01-98d68c960f19","crdCreativeDesign_frmPersonalDetails":"97ca4b9c-033a-44e3-9f0c-f96e32c8f05d","galCreativeDesignSkills_frmPersonalDetails":"2fb68014-ae29-4b63-9b87-8836271cba36","dcc2ffc3-a697-4559-ae75-c2b5af9015e9":"0ef750e3-3d1f-43bf-a6f2-9be79427830c","lblCreativeDesignSkills_frmPersonalDetails":"015ace77-76fd-41b1-b019-77ac7f7fbc2f","txtCreativeDesignSkills_frmPersonalDetails":"adc7ef3d-a934-42f5-9bf7-0a587fbc19d8","crdUXDesignSection_frmPersonalDetails":"a6e5de80-395d-4ece-a31e-4c5894a5db48","lblUXDesignSection":"2c255113-de66-4a82-beaa-c40e9c108874","icnCreativeDesignArrow_frmPersonalDetails_1":"9c867dac-4935-4e76-a810-8afbde09efb6","crdUXDesign_frmPersonalDetails":"fe526e75-2861-4f39-8c2d-3e4e57102198","galUXDesignSkills_frmPersonalDetails":"aafdd193-2af0-4f31-824c-f6279b4d1fda","1f0a03c3-d3cc-4d4f-82e9-52c010875d31":"53157f42-4854-43a1-8de1-fc632ebca518","lblUXDesignSkills_frmPersonalDetails":"c2a71e68-89a9-45ea-994f-f3592183cef1","txtUXDesignSkills_frmPersonalDetails":"2bd17746-13d6-4b00-8cfd-63c8e0310d18","crdMotionDesignSection_frmPersonalDetails":"5cd8e070-4f09-4873-a61f-f7215ac23cbe","lblMotionDesignSection":"6c07a75c-c525-4e6c-8ef1-a22df56606b2","icnMotionDesignArrow_frmPersonalDetails":"a67a5e39-7752-456e-b48f-a2249cdf79a8","crdMotionDesign_frmPersonalDetails":"1b716d9f-32fb-42fd-88f9-4f8cc4e96772","galMotionDesignSkills_frmPersonalDetails":"88cf5556-a8f5-4673-9adb-1b6473a1f28a","03364d41-a9d3-44e2-aed3-f5f03d7ddfde":"5f84c52e-2a29-4cbc-a99b-ca2315ccd0df","lblMotionDesignSkills_frmPersonalDetails":"681f6058-c7d9-4471-8987-db7d88428a2a","txtMotionDesignSkills_frmPersonalDetails":"61303357-2579-4bd6-a374-4d876df5ad42","crdACMSection_frmPersonalDetails":"c7789183-097c-442a-be8d-894c76ff3a8e","lblACMSection":"5d79bc2d-519c-46d3-834c-833231617105","icnACMArrow_frmPersonalDetails":"85f54641-a582-42b5-869c-25d42eaec8be","crdACM_frmPersonalDetails":"19150171-a2d1-4eb7-9273-13356b24c38a","galACMSkills_frmPersonalDetails":"1eabd9b9-6402-4b3e-a107-ab196bf10d59","cfa2b748-9fc7-4cc8-b115-7e7f47a937c6":"e6fe3b04-c0bd-4936-aab3-0f311ba3f23f","lblACMSkills_frmPersonalDetails":"8d18e191-52fb-4ba9-995c-a9fd84ce1a29","txtACMSkills_frmPersonalDetails":"37e64b6e-14f2-43fa-9508-f31d2e9fb71c","crdM365Section_frmPersonalDetails":"b410aa13-0def-4a63-a907-e8969d3e1e10","lblM365Section":"308ce2da-f302-4982-9b71-79a862ebe3a4","icM365Arrow_frmPersonalDetails":"02cfa886-36c2-49c8-87df-8206c3e5a3b1","crdM365_frmPersonalDetails":"70791702-8e89-4b86-8076-54911f238dd2","galM365Skills_frmPersonalDetails":"5ebc5767-7cef-46c3-84ab-dd1edd6d47b1","a841ef52-c47b-4679-a6f3-09c6e54d6299":"d63442d3-2915-480b-a464-d0672d1a74d4","lblM365Skills_frmPersonalDetails":"b1009b65-a41d-4b43-bd88-1bcc6565e409","txtM365Skills_frmPersonalDetails":"1f795fc4-4cdd-4850-a43f-0ff7cd800427","crdTestingSection_frmPersonalDetails":"7fe9ac57-5114-475f-8fdb-57406cecdcaa","lblTestingSection":"67123906-646b-447c-868c-0782631252dd","icnTestingArrow_frmPersonalDetails":"5f6a0c3f-b3ec-4f02-b27f-0b7f00f0e24d","crdTesting_frmPersonalDetails":"692d849d-13c2-4d1e-9983-3c4fa618bcbc","galTestingSkills_frmPersonalDetails":"2981524f-c422-4718-8578-e2658add5543","74e092db-4ab8-4603-9601-bd0a8ba1aff3":"d949fcc2-fae5-4c72-8725-ab60ceacea2b","lblTestingSkills_frmPersonalDetails":"25aa8bab-552c-448a-aa61-4c29439537ef","txtTestingSkills_frmPersonalDetails":"9bdf9bd9-940d-4469-8ab1-5954afec4cbd","crdSoftSkillsSection_frmPersonalDetails":"a2c4d66a-9635-47e5-b14b-fa39186485cb","lblSoftSkillsSection":"3c6c57c2-f7e8-474b-b521-5f25ad482af6","icnSoftSkillsArrow_frmPersonalDetails":"4014362c-f0f9-4128-8909-6feabd17ba34","crdSoftSkills_frmPersonalDetails":"34210a1b-8e2e-40cc-b94e-9d0e9022bda9","galSoftSkills_frmPersonalDetails":"e5a4cfaf-997c-49c1-ad95-3a935e027033","3fcc9a96-49b3-430a-b823-4e1f63b3eeb3":"f92b0e71-dd7b-444d-bcdc-55341d96e507","lblSoftSkills_frmPersonalDetails":"0dc563de-6bc0-4b8d-a398-c010784176ba","txtSoftSkills_frmPersonalDetails":"8fdab410-3ed3-4719-bd14-d4e301d38529","crdPMSkillsSection_frmPersonalDetails":"8609baa6-be26-40e7-9f09-62fc8acf9b24","lblPMSkillsSection":"1a986452-ac85-4b6c-917d-066549294bb8","icnPMSkillsArrow_frmPersonalDetails":"7479cb76-ae60-4cac-9ed2-fd0b07fd81fb","crdPMSkills_frmPersonalDetails":"1a51ce35-a972-4975-9e8b-ee82815ded6b","galPMSkills_frmPersonalDetails":"492fc59e-998d-446d-b792-f9a0a1e4ba52","e974bbaa-1d69-44d5-afb1-4ac9860e2dd0":"387c4ca3-a640-4e43-b9bd-3923f0b3b1a8","lblPMSkills_frmPersonalDetails":"b41b2f81-b70b-4999-bba0-54483db3f6ee","txtPMSkills_frmPersonalDetails":"044ae345-bf98-4f0b-9475-8832cc95c6bf","cntCertifications":"b6f98de9-c0a0-4020-99ae-4b20c596cd8a","cntCertificationsTBHeader":"9e6acdef-6ee2-452e-b435-4074a901bd8a","cntCertificationsTBTitle":"860e55a2-46cb-41ed-a448-833476239e2b","lblCertificationTBTO":"95f0fe8c-a50f-4c39-ba7f-b7a50e04c6d7","lblLevelTBTO":"9970bc3b-4be7-409c-8184-d2db87375cf0","lblTechnologyTBTO":"e125990c-30f8-4ab4-8a78-5b1fe2752b16","lblDateAchievedTBTO":"bbe86a9f-266c-457c-ad5f-dfc032448432","lblExpiryDateTBTO":"f107c61c-eec8-489e-8ce6-adab2d592ddf","cntActionsTBTO":"b4f37fa0-722f-4053-a59e-cbca3555bbd5","lblActionsTBTO":"510345a3-ed75-42e8-a647-fabd81fb37e3","infoTBTO":"33e55a62-4cf9-416f-858d-92a3bb7f5ea1","rctDividerTBTO":"6da8bbfc-cc17-4594-8cfb-78897d3c336f","galCertifications":"50a13708-b871-4cf1-ad02-4836e2684bc0","galleryTemplate3":"5b5709ad-2218-4f35-ab8c-e12bfc25cced","lblCertificationTBVI":"21615dab-dd01-412f-89fb-ecbfc6fe7ad5","lblLevelTBVI":"1fca50ad-56e6-4a49-af89-06f4a6c2d095","lblTechnologyTBVI":"8fa1151a-d1e1-4237-9d6d-b880bd3783b3","lblDateAchievedTBVI":"4226709f-deb1-403d-9a2c-6981697f3025","lblExpiryDateTBVI":"92fdcbe9-1410-48fa-929f-b0a21f1d025b","imgEditCertTBVI":"1e5172fb-440e-4b01-9078-c93369b7984d","imgTrashTBVO_2":"e9e18a21-7647-4075-ac0c-78817af8bb3d","rctDividerTBVI":"da278feb-e311-42af-acc4-c31dd03f87cc","cntCertButtons":"0fad9260-fc3e-4073-9f17-f5213e806175","btnNewCert":"49ffaf23-3c88-46d5-a3e6-61b544d8bb2d","cntFormButtons_1":"d4059765-5ff3-429e-b47c-af151a21a23e","btnBack_1":"ee04e173-b248-4360-964e-3848647aa187","btnSubmit_1":"9eddcace-ca0c-4ea4-8b73-4e3506be6a2c","cntCertForm":"089ac292-41c4-4aaf-abdf-286743bf1ef9","FrmCert":"bf3ab1a5-f022-441a-bb5c-d51fccdb841e","crdCert_frmCert":"9901e581-4359-4cdb-ac82-7be9f8f35844","StarVisible1_10":"fe1bf6ed-4590-4ca8-b42d-0d62f7726b67","lblCertification_frmCert":"86351f84-8a38-468b-b930-910c3da9aae2","txtCertification_frmCert":"600b401f-a2d2-4ddd-aae4-68bef5a8be2f","ErrorMessage1_9":"1c7bd3ab-99b8-4179-ae5b-9ff449f0e9db","crdLevel_frmCert":"cce21597-1ee3-4770-8c63-9c50387b59a6","cmbLevel_frmCert":"d8dd60f3-d545-4ed5-bbdb-8db5a09d147c","StarVisible1_11":"8a2d8f22-68b3-49bc-9858-7ca1dfa9f9f1","lblLevel_frmCert":"3fc2fbdb-116d-40c2-8fec-1303864b53a8","ErrorMessage1_10":"0757ec3f-f6e4-4042-a6e6-2b28f3e0c844","crdTechnology_frmCert":"b75c1793-4849-4527-b3a5-1d05e67eb261","txtTechnology_frmCert":"2dd2316a-d1e5-40da-ae6d-3f72932408f3","StarVisible1_14":"072cc427-51e6-4cd6-b3d2-2f504a58789d","lblTechnology_frmCert":"7a1c5550-ab33-4e15-8f55-6f9cd69a2c74","ErrorMessage1_13":"9d657b67-0fa9-4446-a1eb-24989ea6c7fb","crdDateAchieved_frmCert":"552fe314-98ce-4fc4-8a73-3c173fd1310d","StarVisible1_12":"64688858-6bf1-4c07-bd34-63140c5a1aa0","lblDateAchieved_frmCert":"e7c7ccb5-c025-4297-924d-d1a0cbe9e756","dteDateAchieved_frmCert":"8b883c63-ca58-445d-a930-08f6ef2c9cc7","ErrorMessage1_11":"281637c6-c8b8-4322-a305-6445d4cba184","crdExpiryDate_frmCert":"fab26546-1006-4ea5-aee6-ea1121b487ca","StarVisible1_13":"c5a8512f-0152-45db-9c63-67b8b35d20ca","lblExpiryDate_frmCert":"680495db-5f7b-441e-aa6b-02c80593a2e0","dteExpiryDate_frmCert":"042d34ec-7567-452b-8c6d-80fa1c16f043","ErrorMessage1_12":"77ca6132-25d6-4670-8e31-e74ebff27ede","crdAttachments_frmCert":"0d120f4f-132f-4fa3-89af-3bd1f7e1a1d3","StarVisible1_15":"b8d75f94-becb-42d5-bfe3-bd7d620f159a","lblAttachments_frmCert":"ab567ccf-cb36-447d-8d20-c66b499c6780","attAttachments_frmCert":"002052f5-0499-4674-960b-31fac875ad99","ErrorMessage1_14":"b1b6e2af-d13f-473e-bccf-7f38a252aced","crdButtons_frmCert":"0bbab7ae-41ce-4c1a-8346-03c76c4cfb9b","cntFormButtons_2":"4d0f5808-8acb-478f-9520-26ab74a26065","btnBack_2":"af2b238e-1b76-4416-8899-6df38ad3a5d5","btnSubmit_2":"d6e66ad9-518b-41ea-823e-a6269b2015e5","Project Form Screen":"29c13a4d-ee81-4294-8d8f-1ea836e4a27d","imgBackground_FormScreen_2":"9856a2ca-2946-48da-86e7-bbe33b6d64eb","cmpHeader_ProjectForm":"51df743d-1921-4894-a4a3-1799b63777bb","cmpMenu_ProjectForm":"476f15a3-0c6e-4aa9-9464-db3f5b549460","cntDeleteAlert_Form_2":"e9152c95-fd7a-40ae-a002-aa8a27ed88ff","recDeleteAlertBackground_Form_2":"088b24cf-667e-4182-9491-b28dada722c9","cntAlertDeleteBody_Form_2":"5719cb98-29d0-4500-9367-aef123833fa4","lblTitleDeleteAlert_Form_2":"211c8dad-949d-4e1e-b996-3d72b5cd8341","lblSubTitleDeleteAlert_Form_2":"c94447f7-ac21-468c-bb3b-7c09b6a056c7","cntButtonsDeleteAlert_Form_2":"73e1565f-4617-415d-b874-e3b93057c2f7","btnSecondaryDelete_Form_2":"110f0586-c8b7-4c84-a482-6da05a3f146b","btnPrimaryDelete_Form_2":"5b4d8062-6503-4543-b410-93006c3b206c","cntFormScreen_2":"1fa60835-90d2-410b-911e-3968d7e7845b","cntIFormnfo_2":"92562015-956a-47bd-b78b-d6f5bb0de72d","cntFormTitleRow_2":"4c17187a-3679-4fd9-ac8a-70d8e561acef","lblFormHeading_2":"479b6883-4d36-4368-b302-15e3acdc8056","lblIFormSubHeading_2":"5a201273-d1d8-4a1c-972f-d22256562bcd","cntFormProject":"af9184ca-e540-4c2a-a27f-f71e1aa8e89d","TabListProjectForm":"243d5573-aa3a-43af-b331-562728b92b0d","frmProject":"005bc246-bbbb-4dd1-a98b-55dffd7d9089","crdActive_frmProject":"ed03dfc6-f0f4-4978-94d8-8b684d6706b5","StarVisible1_30":"4f0b1e32-13df-4d17-9df6-5a34f7958574","lblActive_frmProject":"967b2b5c-b3f1-4a84-ba35-d29b258c684b","tglActive_frmProject":"fb268e5a-458c-4ebb-bbb4-0409c1fb6b93","ErrorMessage1_28":"cd971cd3-772a-481c-95d7-4acfbe56b6a8","crdProjectName_frmProject":"63074942-5081-480d-beae-8dc267217f6d","StarVisible1_31":"6d0a5582-3b84-4f7c-8e76-61b52745bc31","lblProjectName_frmProject":"b6fee522-3237-4daf-8be2-de950b7bdea3","txtProjectName_frmProject":"561a258a-cd14-47fe-bb08-7f89564b4f18","ErrorMessage1_29":"c5f46508-c3b3-4945-b60a-3fb0fab150d7","crdSalePrice_frmProject":"3e4dbbdf-6ad2-472f-9761-a31f8a2280d6","StarVisible1_43":"68c02ec8-42d8-4131-8a4b-ae60111de0fe","lblSalePrice_frmProject":"12b595fd-f078-4229-9240-712c3c095867","cmbCurrency_frmProject":"7f848375-c7de-47c4-8855-35495de18b4a","txtSalePrice_frmProject":"a7b8e25d-3422-43fd-82e8-21a32e54e018","ErrorMessage1_42":"c5825476-bc38-4c85-aa68-80ffa7a95e96","crdProjectStartDate_frmProject":"64c3b887-724b-48d1-b01a-877134318fd6","StarVisible1_44":"b91b6e8c-9682-49fe-a71e-ff8142f63f58","lblProjectStartDate_frmProject":"307df1cb-403d-48ad-9ae8-07845b356325","dteProjectStartDate_frmProject":"f5ae3216-aced-44ec-a5da-c2f3fb8512a8","ErrorMessage1_43":"c636cfdb-f701-4424-a8b2-c03c3890e81f","crdProjectEndDate_frmProject":"a1015d7b-ffbd-41aa-a33b-22f264e9dd2e","StarVisible1_45":"7795afef-a204-469e-b3cd-e86a7f598a7d","lblProjectEndDate_frmProject":"6f3eeb96-3552-496c-aa37-dd0d247f0f7d","dteProjectEndDate_frmProject":"341a29f2-2fa2-451a-bb62-4e2655a9b9ea","ErrorMessage1_44":"13659c0f-f924-41dd-88fe-407579e059c4","crdADOLink_frmProject":"3a2d08fb-9a70-45bb-8f93-d2acb5482417","StarVisible1_37":"5a75ec37-de9a-447c-bd69-dcbe47a695da","lblADOLink_frmProject":"d6a3c538-57ab-4f8d-8791-ad2074383f6d","txtADOLink_frmProject":"63dc0301-c2bf-419d-a5c6-7c72a76cb6da","ErrorMessage1_35":"b36135c2-1725-4f8e-a907-6629c0570da7","crdFileInstructions_frmProject":"b96b68fd-7f59-4984-b90e-21b6aeca6aa0","htmlFileInstructions":"ca93d40d-ea42-4620-ab3a-772d3f04538f","Project Summary_DataCard1":"4e0b6bc2-0d62-4e29-80cc-d88bc89491c5","StarVisible1_32":"a138d389-a5c7-4aa7-8553-c0f0e0731682","lblProjectSummary_frmProject":"466ba130-c7e6-48b2-9eb5-5391f29df4b5","txtProjectSummary_frmProject":"6848ef7d-6208-4577-9b43-2c0409e9d311","ErrorMessage1_30":"e62ffb88-2630-4b9d-86c7-1fb9df93ca26","crdAttachments_frmProject":"fd1c4193-c51f-4ccf-a7fc-68b193ab45b3","lblAttachments_frmProject":"329a5e48-d850-4f4c-8548-e796ccf89c49","attAttachments_frmProject":"67b10115-f58e-4b81-89ab-39551f9ce7d0","ErrorMessage1_36":"fc3c74b7-b7aa-4ed9-94c6-fe94d23fc409","crdBU_frmProject":"14bd2a06-a5e6-4ab2-a915-a16dd78edac7","StarVisible1_33":"e31fd19d-a722-4bd3-8ccc-8f9b50ace118","lblBusinessUnit_frmProject":"769e6445-b447-4693-b5b4-c28ce7dcee0c","cmbBU_frmProject":"ffb1fbd8-446a-4500-aed7-7494dc50e0a3","ErrorMessage1_31":"2cd2f7d5-fb26-4bfd-8ac2-0985abb62466","crdMSFunded_frmProject":"2991e8e4-2965-40cf-b5c2-daf6e4da450b","StarVisible1_41":"34324961-b7b2-46e5-9ceb-96c7a44f166d","lblMSFunded_frmProject":"ab3e03d9-110d-4584-ae2a-f74f15c724de","tglMSFunded_frmProject":"eca8f873-6b1a-4b86-86d0-270dfeceddf6","ErrorMessage1_40":"6938455d-8ded-4e32-9bc8-34bed20edb17","crdClient_frmProject":"b1ef93e9-3d52-488b-93eb-9acf5befdee2","StarVisible1_38":"3e9d2d8b-8462-430c-9463-63be193a9d76","lblClient_frmProject":"83b0cc3c-866c-4ab3-8b17-f25892583fe5","cmbClient_frmProject":"a10730f7-c57f-4b20-a3a3-c4f3457af3e9","ErrorMessage1_37":"9ac23973-21dd-4be6-93c2-8d3ed5a569be","crdClientContacts_frmProject":"30c29404-c209-4f93-9f21-a58b01dec515","StarVisible1_39":"f07997bf-8154-49ca-acb4-01a088ee5fe0","lblClientContacts_frmProject":"0634b782-aa2f-419d-b0b0-4e8e394f5bb6","cmbClientContacts_frmProject":"5d15fde1-b195-4608-b3db-5bc9d56b0e21","ErrorMessage1_38":"3186b752-c7b1-46c0-a8eb-cfd9f43ce510","crdPM_frmProject":"d1ea69d5-6e2d-43b4-8f1b-b132fe8c385a","StarVisible1_42":"80e009cd-43e2-4ae5-bac1-10e846e2f1c2","lblPM_frmProject":"cab313fb-c2be-4a7e-999a-ae854ca1309a","cmbPM_frmProject":"e7e34fd5-e2f9-4ee2-86f6-d52f8ac5ce79","ErrorMessage1_41":"bee9deee-d5f4-4f51-b49c-ed339fcd8325","crdConsultants_frmProject":"5fc46dd5-7ad4-4aa4-b3ad-7dcea1e9ac9d","StarVisible1_40":"f68d277d-82b3-409c-97d6-ca2802b63546","lblConsultants_frmProject":"7bf00098-c1b8-42ef-92bc-7af4743b7229","cmbConsultants_frmProject":"bd7d9d0a-bc27-4b2f-ae2a-c6058498f4bf","ErrorMessage1_39":"4ad429df-125f-4dc0-b244-44950fcf16df","crdDesigners_frmProject":"b0a14c83-6cc8-433f-aeff-b1023ee53b96","StarVisible1_53":"14acd0a0-65b8-4003-817b-c63fd8912e41","lblDesigners_frmProject":"fdf2ec75-c05c-47df-8780-3dc14ac062fa","cmbDesigners_frmProject":"144e2dfc-b1c3-4708-8a79-a9bb0fff5ccd","ErrorMessage1_52":"a8528f13-d5a7-4b9f-b8e3-82d4ed1f13fe","crdDevelopers_frmProject":"0a02f76b-d75a-4d50-8754-e8a929390c9d","StarVisible1_54":"2fed258d-3cdb-46c7-8dc1-6734ee9205f2","lblDevelopers_frmProject":"53ad2529-c6ff-4da9-921a-e2f34554883b","cmbDevelopers_frmProject":"12d2d097-b56f-4836-9d09-6d9c898e244a","ErrorMessage1_53":"e4b97bfb-3e68-4f3c-a0c5-913495bfe144","crdGecoCode_frmProject":"08822263-45f9-4755-ae82-fe0c1038f96f","StarVisible1_36":"0fc0ec07-734e-4726-81b4-18a624b5e1df","lblGecoCode_frmProject":"b13763ba-f6a9-4a67-8b40-bd5341fb51cc","txtGecoCode_frmProject":"f305207e-876b-4907-a7eb-2795e3c5c7f0","ErrorMessage1_34":"aa418a18-3e5d-4591-8fef-f5053ac74f4d","crdHoursProjected_frmProject":"af6beb4d-6edd-4015-856e-5f44a006a727","StarVisible1_34":"b9c1849d-e4a6-4578-b1d0-2fab20161855","lblProjectedHours_frmProject":"3f6d8c47-f6f8-4c0c-a380-482822553437","txtProjectedHours_frmProject":"fda7414d-45bf-4d99-bea5-d5ac3579e95b","ErrorMessage1_32":"a9cf516c-b71b-479c-879f-526752b780e0","crdHoursLogged_frmProject":"07b25365-d66e-481e-8b87-8f2d9825baf7","StarVisible1_35":"f065c2f3-0b2b-4434-9e3d-1c1909df8b59","lblHoursLogged_frmProject":"6eeda0c7-9bfd-4b13-aa4a-22008577f34d","txtHoursLogged_frmProject":"5920c728-1167-4493-8744-158b6df856a5","ErrorMessage1_33":"97ff35c1-f42b-4e3e-a1ef-f40b507d865c","crdACMers_frmProject":"5eba3720-a521-449c-933e-f201c16a82ce","StarVisible1_56":"701cefe4-a185-468f-8fbf-a291c2a00daf","lblACMers_frmProject":"f1744676-d951-4ddd-b991-797435b7c3b1","cmbACMers_frmProject":"a0f80901-3011-48da-8a68-f0963bea203b","ErrorMessage1_55":"7e908f0d-8315-4ca3-95e6-c5fa8a84d86c","crdOthers_frmProject":"d755d59e-d42b-4e66-a379-1f2e6d88758e","StarVisible1_55":"79f5885e-b65e-4d9c-93d3-8139f5a1a482","lblOthers_frmProject":"419d6659-2a4a-433a-aa6d-013e4b5b54f6","cmbOthers_frmProject":"a7216ecd-140b-437f-bb7d-04bfbc178922","ErrorMessage1_54":"73f65f1f-d9af-46c5-a6fd-80a751ec22d5","crdTeamsChannel_frmProject":"7a1a4e3f-29c6-4c6a-bfcc-09f955f1ea63","StarVisible1_47":"a7738961-db5e-4dc9-bc96-d6ec797c75ec","lblTeamsChannel_frmProject":"7189cc5a-bc0f-4420-8eab-7892c056b178","txtTeamsChannel_frmProject":"14aa338f-720b-4a2b-9215-d039169c8554","ErrorMessage1_46":"d59f3501-ba19-45d4-9926-62b7312fc764","crdDisciplines_frmProject":"3f21d2e3-427f-45e2-bd39-0345c0e61368","StarVisible1_46":"3f0de434-0fbd-48eb-ae91-5839b11a764c","lblDisciplines_frmProject":"bae88b7e-ac32-4b2e-b381-717ae2583c69","cmbDisciplines_frmProject":"45daedc3-970e-4c66-a427-cf960eea5efb","ErrorMessage1_45":"f7626612-d11b-4fb6-9dac-96246ec859d0","crdNewClientContact_frmProject":"d76e4001-c31c-48e3-a666-c887b6d65535","lblClientContactInfo_frmProject":"41e25477-0967-4254-bb6a-009cbb8b62d4","cntNewClientContactBtns_frmProject":"662c8d5c-f2b9-4b05-97a3-08f50e279242","btnNewContact":"968bb961-f3c7-4a29-bb8e-ea5671e4d75a","crdUsefulLinks_frmProject":"be679eb2-e123-4e4d-91f1-ec143c5f5978","cntUsefulLinks":"b842f114-282f-40fe-8e32-7ddf48cad5ab","cntLinksTBHeader":"c2be637b-6395-4272-b3ce-b00611d827d5","cntLinksTBTitle":"6b318e7e-12f5-4132-96a3-2c0340957be4","lblLinkTitleTBTO":"aeb89b97-79f1-4805-a3c2-57e9fc70ff33","lblLinkTBTO":"9d8035aa-bced-436f-a240-3b2deb513477","cntActionsTBTO_1":"e3eed115-88fb-4858-b0ea-af6d190aafa2","lblActionsTBTO_1":"8d44beaf-2565-4edd-84b6-91f15eb7610b","infoTBTO_1":"0dba9d48-8e14-4ed5-b25f-bbe1f7045d15","rctDividerTBTO_1":"51bc6f6d-e441-4cd0-b5fe-886fe973e290","galLinks":"3217ee9a-0ff4-43e2-85e8-3456379e212a","443b94b3-6318-4456-8c4d-a4b5ee607562":"2789a71b-e91f-4049-aa51-bf1eb62bd2ad","txtLinkTitleTBVO":"2389b1e6-8a30-4341-abf9-d6b2e5d89690","txtLinkTBVO":"12d05e36-7139-4292-91c3-b8193c0cd04d","imgTrashTBVO_3":"540029e3-be05-44aa-a2ec-9102c3e9c4dd","rctDividerTBVI_1":"1db888d7-67c6-4185-a4a4-ddb23db867f7","cntLinksButtons":"47b68027-1eaa-4047-8486-5906c6ae8faa","btnNewLink":"87b0465f-0274-4864-9128-cdcb668b6e1a","cntReusableIdeas_frmProject":"4388353c-0695-464f-8d0e-c6c24d095e9d","cntIdeasTBHeader":"15ed4d5c-4e36-4f07-a643-0c50b53a5956","cntIdeasTBTitle":"07e73351-1b68-43ca-947b-b176215dcddb","lblIdeaTitleTBTO":"e8732369-6a69-43a8-a6c8-ba7de6dcfeb5","lblIdeaDetailsTBTO":"be063c56-af6f-40ff-8333-afddc2fbca4e","lblIdeaDisciplinesTBTO":"99865c6c-5d4f-4a79-9b73-b86a87f5951d","cntActionsTBTO_2":"bce0e95c-b937-4d44-a932-e31d94b3eaa8","lblActionsTBTO_2":"a9f228eb-48b6-48fa-9dc2-8ea8db294964","infoTBTO_2":"209eec47-0ab7-4983-a425-f86170eaa9bf","rctDividerTBTO_2":"7524f055-4a73-4108-8065-41ac72db674b","galIdeas":"4d68823e-3dab-438e-9979-b7812ba715cc","feeada89-03d1-40c6-94a3-0e2314486434":"07ff38b1-e775-4be5-834f-1b0dec362c0e","lblIdeaTitleTBVI":"062dff50-e657-48a2-acea-f6c9bdf7074f","lblIdeaDetailsTBVI":"c512b84f-a672-4930-8972-08a23f1e8a3b","lblIdeaDisciplinesTBVI":"96fd4eca-6ca5-4c4a-9bfc-586382e66f35","imgEditCertTBVI_1":"be75202d-0a9a-4367-971f-7418d16063fa","imgTrashTBVO_4":"020754ef-038c-45c1-a40a-2ee58bfcb1f6","rctDividerTBVI_2":"cbefe159-ff1d-440a-8a55-71eb5df9b7fd","cntIdeaButtons":"e9d0e611-2a98-42ce-a8a7-b3fc7f552685","btnNewIdea":"7a35b8ec-f76b-43dc-a49b-e860f7a80fd7","cntLessonsLearnt_frmProject":"adebdd60-ad8e-4fdb-a052-d3c72a532187","cntLessonsTBHeader":"cea7f9e3-35f9-44a4-8e4e-1139ae75a59a","cntLessonsTBTitle":"d597e2d8-b781-42b6-9221-b51ad80a744a","lblLessonTitleTBTO":"afca5b2a-9cfa-48af-98c9-22c6cab191e6","lblLessonDetailsTBTO":"4288001a-e371-4d3c-aa7f-81ae7c6a9315","lblLessonDisciplinesTBTO":"08795411-621f-46c9-aa32-f07df20f12ef","cntActionsTBTO_3":"c0810297-e0d8-4bcd-83af-0911c2e5637a","lblActionsTBTO_3":"bbdc04f8-97b0-4af3-8fe7-fcb2cbe55e41","infoTBTO_3":"5f0c0847-725c-4940-abfc-2a43edb9cbd1","rctDividerTBTO_3":"704ceb33-0fbc-4278-b81f-ed9910838607","galLessons":"d86b64ba-6aa6-4d09-a500-baac44a0d4d7","79f808c2-2d97-4f02-bc45-4ec9302d98f7":"487d370f-afb1-45b1-b71e-bb2d86a8bc38","lblLessonTitleTBVI":"f7935510-32a2-434b-848d-9760684c5d8d","lblLessonDetailsTBVI":"853d80d7-8ed4-4ac4-b0ec-b9e3da7b83e0","lbLessonDisciplinesTBVI":"876c2c46-76fc-4813-b4b2-cbbfe35d594a","imgEditCertTBVI_2":"e4f03f49-e062-4ecd-9b1e-1f71783d194f","imgTrashTBVO_5":"1330c096-2ccc-4254-8433-2878cd796214","rctDividerTBVI_3":"dda3aa99-35ad-4bc6-984b-4b3b7e01bc4c","cntLessonButtons":"6049c6f9-2f00-4ebc-ac3d-a4cb11b1908f","btnNewLesson":"825722dd-737b-4f43-83b2-82c9b2dee0ef","cntFormButtons_3":"94f14237-264f-473d-bfbe-7d0d0b9b3559","btnBack_3":"1050942c-b7bb-44a7-be9d-2d91f1066a60","btnSubmit_3":"e3a4b938-9b52-4f05-9e6f-cee2bcb64b71","cntClientContactForm":"874ec819-30f9-4545-90e9-686a6c722970","frmContact":"5075772e-7b6b-432d-96df-c733899ea019","crdName_frmContact":"4bea9210-9035-4031-836e-8d57b259387c","StarVisible1_49":"3ff1d69b-cb88-4b71-84cb-30d29a7761d1","lblName_frmContact":"bf6a8ed3-3d53-4336-86e8-d74e22d9eb03","txtName_frmContact":"024e0f50-deab-4a31-babe-8eb2abeafdb4","ErrorMessage1_48":"b50b2c5e-71e6-4f4f-b25c-f235767afe68","crdEmail_frmContact":"1bbaf3a4-a575-44ae-8c08-03f46ba01239","StarVisible1_50":"b67f0e77-9843-4f00-9682-0270d80303fa","lblEmail_frmContact":"87305d34-8150-4ab8-8878-11e09b976e5d","txtEmail_frmContact":"e50f1c27-6a71-43e1-9c22-35e3c93ea9fd","ErrorMessage1_49":"6001b30b-a1ce-4892-ac7a-eb5bcbee59c9","crdCompany_frmContact":"133229b9-cb7c-4910-b180-0a4e5efa258d","StarVisible1_51":"a6097251-39c1-4fad-8b51-7fe4ad089f51","lblCompany_frmContact":"3d683ca5-e272-4172-b588-28d029ea44ed","cmbCompany_frmProject":"9397ccdc-23c0-4ea3-a1f5-4e646a577ac8","ErrorMessage1_50":"8119928e-8948-4a66-960c-2e25fa5f8ec3","crdRole_frmContact":"74ef8b84-4827-4e8c-88d5-4879d9b7d517","StarVisible1_48":"7a5d24e0-1409-4fc5-9432-20194971b9b9","lblRole_frmContact":"15d0fc7e-9af5-4ede-9b52-0d474de0d029","txtRole_frmContact":"e39e8715-ff3b-4100-990a-41f0f34b842d","ErrorMessage1_47":"97ac1455-0749-47f5-a054-6503bb63443d","crdPhone_frmContact":"3192fb20-50dc-4427-88a7-0205c9b80310","StarVisible1_52":"10031595-015c-4e5f-ac99-59d03a36033e","lblPhone_frmContact":"553ffc2d-179d-4219-8af6-d9d6e06a64be","txtPhone_frmContact":"69df5cc8-c4aa-429b-a090-7cfdbf594ace","ErrorMessage1_51":"c9434781-6f9c-49cd-90a0-ef2927e6a26e","crdBtns_frmContact":"d81f3d4e-5043-4708-acc4-9b480608484e","cntFormButtons_4":"187bb6c9-1428-4d7f-8383-9060fbc8e283","btnBack_4":"d33da2d8-6536-40bb-bca2-e4df771a3599","btnSubmit_4":"e854b97e-eeef-47a0-aa46-9947ca512a0b","cntIdeaForm":"5add2887-475f-4575-9d62-7173c22e2069","frmIdea":"cc722be0-636c-4b78-ab32-8c62ec0e3133","crdTitle_frmIdea":"656f5a53-0ea9-41eb-be18-ada8cd256461","StarVisible1_22":"7a344fd0-5ffb-4fa8-b931-8bb821bc46c0","lblTitle_frmIdea":"e1773d13-26e3-4600-a791-e03f2b2d1e2b","txtTitle_frmIdea":"8665ed2b-0b10-4ed8-bd75-967e3d8ee7eb","ErrorMessage1_21":"45fc9127-48bf-452b-b30e-218e7fcffcfd","crdDetails_frmIdea":"4b77e56e-348d-4635-919b-21537a009386","StarVisible1_23":"c20fe6ec-8194-49e4-9b2a-1fcc4a42ad6c","lblDetails_frmIdea":"6f460b05-5779-4212-abb3-454f3af2fae4","txtDetails_frmIdea":"1ac9e52e-07cc-4870-aae8-528e2d8b91ab","ErrorMessage1_22":"e5030e87-d2d5-4ca4-bc53-602274a5ff37","crdDisciplines_frmIdea":"14d604ad-7126-451d-8290-4e10c8672569","StarVisible1_24":"ae0ff55a-d20a-44f7-b267-8eecca8c42d2","lblDisciplines_frmIdea":"a3569b39-e6f1-43e2-9e10-3ed4e4547af4","cmbDisciplines_frmIdea":"65d42436-ac0e-455a-a49a-e6dbe4d6e1a0","ErrorMessage1_23":"101a49dd-651a-42ff-b0d9-d638ee07d907","crdButtons_frmIdea":"d338bc79-c49f-412d-b237-806ea49bfeb4","cntFormButtons_5":"448c7ccf-540d-44ef-bc10-d79874f88cf9","btnBack_5":"38db9867-ef8b-4e1f-a901-081703e5bebd","btnSubmit_5":"44056729-425f-4259-9340-f20a00c2b7df","cntLessonForm":"8db3fd07-40fa-48fe-a8b6-088c692e7c55","frmLesson":"adeda1c8-420a-413f-8218-cb84e96d668c","crdTitle_frmLesson":"1cd76dff-a8b4-4b2e-896a-2e03f90e282a","StarVisible1_25":"b5c2e52d-d363-4cf5-8d39-b482a09169d8","lblTitle_frmLesson":"0e85445e-e6b9-4da7-a1b1-52e192c86f05","txtTitle_Lesson":"b923f722-7fe3-43b1-9ad0-2e0c5255953d","ErrorMessage1_24":"e4492aa8-10f5-4688-88b8-36fda25f08e7","crdDetails_frmLesson":"63671f2d-c47b-41bc-a8c2-0990b39b5572","StarVisible1_26":"9c22ab4e-b342-4304-b986-1d1883e0fb31","lblDetails_frmLesson":"3e72fc54-7c62-4c62-8f2c-5235a57ee12c","txtDetails_frmLesson":"3a0bdfa5-80f2-4203-94f5-958988a4aa87","ErrorMessage1_25":"bee318c6-c82a-4936-9585-ecd47310d808","crdDisciplines_frmLesson":"dbb9f812-a764-4c4c-a14b-017abe9d232c","StarVisible1_27":"a4d876cb-3163-4203-923d-aaf4e5ddebcb","lblDisciplines_frmLesson":"c88234cb-243c-4283-b653-afe8f71c3bf8","cmbDisciplines_frmLesson":"06818e36-89af-4b68-9818-77d83f99ca38","ErrorMessage1_26":"ae371dff-1208-42a7-98ae-eca5381d2193","crdButtons_frmIdea_1":"66014194-5e76-431b-8dde-3a4f6c01d62f","cntFormButtons_6":"773e6ce1-e141-48c4-bbc7-7f9dabc8644b","btnBack_6":"6576d022-aa13-4ee7-bcda-da1e89f95865","btnSubmit_6":"95e18b53-8360-4396-add9-3ddda3678b6a","View Person Info Screen":"b3eb7e7d-9fe5-4dc4-b202-b925ca1893fb","cmpHeader_PersonInfo":"432d8483-2b01-41dd-815a-7a203ac6ee55","cmpMenu_PersonInfo":"31e37f59-f525-4017-8862-a0c330c395dd","cntViewPersonInfoScreen":"8a2337c0-ae3f-4ee7-8303-993db41defe4","cntIViewPersonInfo":"f7a6ab71-da50-4df7-b86d-e6d75220ce5c","cntViewPersonInfoTitleRow":"f128ff2e-2192-45ff-aaab-114e96035cc0","imgPersonProfilePic":"28254da5-1fd3-444c-9315-fda2d0245636","lblPersonInfoHeading":"8c23959e-5c33-42df-901a-fecee72dd8a8","cntPersonArchive_PersonInfo":"a710a359-9175-4a4e-b6b2-338cdd314504","lblPersonArchived_PersonInfo":"73f5903c-a4ee-461c-ab03-237f96b976cb","cntViewPersonInfo":"5f799888-8ba6-4a8d-85ba-8861942330db","TabListPersonInfo":"e943026c-57fd-4eac-a6a0-dce618c8fbf0","cntPersonCertifcations":"bdff0a17-c1ea-4a7c-a72d-0524ad359e51","cntPersonCertificationsTBHeader":"e7ee3e42-3247-45d6-b40b-f3040cb5e1db","cntCertificationsTBTitle_1":"45ed0025-3cf8-4a38-ba16-f4d28f2867d6","lblCertificationTBTO_PersonInfo":"e8cd61cd-68c7-4534-b034-e8415a721b68","lblLevelTBTO_PersonInfo":"4c0c341d-8059-4e36-9df4-e7c9525a44a6","lblTechnologyTBTO_PersonInfo":"21370e16-efee-47d1-98ed-403c9eee9c5c","lblDateAchievedTBTO_PersonInfo":"b8f1870d-c168-4160-a783-ae487865f3e4","lblExpiryDateTBTO_PersonInfo":"ee28810a-61c4-4b39-a1c4-150adc51b651","cntActionsTBTO_4":"acbbbf18-fb53-4428-8440-fd2c217ec66d","lblActionsTBTO_4":"5fd359f4-240d-49d5-8ca7-405ef9b7f8d8","infoTBTO_4":"0dc0c598-6fc1-4b5b-8b70-5664e942b302","rctDividerTBTO_4":"09450e13-2fe8-46e8-b95d-053f871a8daf","galPersonCertifications":"75b13cee-ae22-4bbf-ab7b-c18422d7abd0","57588b2b-c6eb-4133-a721-ea5ffeeed664":"4762ca14-9cec-42c1-998b-2368941de76f","lblCertificationTBVI_PersonInfo":"6934777a-8406-48ad-b965-f6157c809e9b","lblLevelTBVI_PersonInfo":"e9192e5d-3ef3-48d0-b745-ca6bfe9633f4","lblTechnologyTBVI_PersonInfo":"6d958cab-1705-48e8-92c0-9b07a1f44fea","lblDateAchievedTBVI_PersonInfo":"546802f7-bcbe-4e0b-a9b9-d682b782081a","lblExpiryDateTBVI_PersonInfo":"303bac7f-449a-4665-8389-d8bc868ddab6","imgViewCertTBVI":"637ccd9b-88cb-4b5a-bbc6-604a89d60794","rctDividerTBVI_4":"5e65c8cd-2f2b-473c-8653-90baa0c2fed1","cntPersonProjectHistory":"c7e17bd5-a7ef-421c-bea8-148c5220ad8f","cntPersonProjectHistoryTBHeader":"1ca675c7-8fea-4796-a7c2-86c4bbf6c8ab","cntPersonProjectHistoryTBTitle":"9fecd3ad-14fc-4605-9d26-ffe9d301cdb5","lblProjectNameTBTO_PersonInfo":"66f55652-018b-4ca4-bbe7-9f2cbbc345ef","lblProjectSummaryTBTO_PersonInfo":"db33f34f-db8b-4bb7-a452-538eabacb34a","lblClientTBTO_PersonInfo":"47866481-dbab-4cb2-8ca4-a46b92db1d5e","lblActiveTBTO_PersonInfo":"827c2173-76ad-4005-9db5-2f918962b801","cntActionsTBTO_5":"1f3d068e-0bb9-4c8f-ab8b-4d97be498e57","lblActionsTBTO_5":"9c7cda54-c49e-4809-a0c0-7aba74a4d29f","infoTBTO_5":"214aa3cc-367e-4a0b-ba75-c37ad0106b1d","rctDividerTBTO_5":"10e033b8-76b6-464e-a171-9c3ab954c50f","galPersonProjectHistory":"73458eab-582a-4a4c-8fec-7fec0fc32065","486fb9b6-1059-4e3d-9398-33a498c50710":"6950eca7-ae27-4b3a-8ed2-e180d6020989","lblProjectNameTBVI_PersonInfo":"825fe5a2-fde6-4f53-9e64-e2e28e8b511c","lblProjectSummaryTBVI_PersonInfo":"3fcde28a-1b91-4e04-b305-230e1e87c26f","lblClientTBVI_PersonInfo":"43894ec7-e279-4fea-b93c-e810992e224c","cntActiveTBVI_PersonInfo":"d7dd0df1-0000-4caf-a92f-c3d7732bd6e9","lblDateAchievedTBVI_PersonInfo_2":"a3c0f296-6ab6-4184-a779-58f2aea07260","imgViewProjectTBVI":"22e2af3e-a9a6-4413-9b5e-16dbb10397f5","rctDividerTBVI_5":"8f85bc4c-01ef-4202-b9aa-e2c1e4e62bab","cntPersonSkills":"07c1298e-54da-401e-993b-4d24af1497fa","frmPersonInfo":"b2bb74e7-50be-4d0e-a1ac-2fe59d2a2cfe","Skills Bio_DataCard1_1":"f7ac0b5b-77f4-407a-b7ac-ca1ab5b9f387","lblSkillsBio_frmPersonalDetails_1":"bf29d6c1-c1f3-4851-b20d-32ae8d6a67c3","txtSkillsBio_frmPersonalDetails_1":"94ba69ec-2aa7-4f4c-aae6-fa9203b1b98b","ErrorMessage1_56":"72405e39-e212-49b7-912b-250e2adcbb5e","crdPowerPlatformSection_frmPersonalDetails_1":"2140471d-460c-4d9a-a068-b79087804e09","lblPowerPlatformSection_1":"22480782-3773-49ab-8f6c-466378cdfb8c","icnPPArrow_frmPersonalDetails_1":"2fc19377-7e5c-4dbc-ba81-f702e61030ab","crdPowerPlatform_frmPersonalDetails_1":"737886ab-ad76-4e3f-82f1-0a60462adff4","galPPSkills_frmPersonInfo":"fd04c413-72ee-48cf-baac-737e3fc5084d","35055b68-52cd-409e-9c7b-cf9f1949dbb1":"95974e26-8a55-41a9-9b98-129e1cb08511","lblPPSkills_frmPersonInfo":"d6e1dfa6-75e6-4454-92b8-fad844d754c8","lblPPSkills_PersonInfo":"0c58cd85-4606-4862-9b51-fd346ff82b8d","crdCustomDevSection_frmPersonalDetails_1":"d4c55fc3-64f5-481c-a95d-2c37bcc8141d","lblCustomDevSection_1":"194a6bdb-394c-4416-a217-8994f5bfc2a8","icnCustomDevArrow_frmPersonalDetails_1":"5e78dab7-b853-4b2f-bda3-63bd72c99dcb","crdCustomDev_frmPersonalDetails_1":"a2eeb3bc-eb06-472d-97c1-6f36f3983b7f","galDevSkills_frmPersonInfo":"e32891c0-0152-4938-a2c3-f2a6f3d7c937","44d32152-e91b-43d7-9ea7-a72003c62de6":"6c0d54e9-f8e3-4c5e-8687-17d79f460250","lblDevSkills_frmPersonInfo":"d0b7fc12-738b-4c2a-93ac-f047f5d26940","lblDevSkills_PersonInfo":"da626a5f-7f2d-446a-a015-d99d5d7a91d0","crdCreativeDesignSection_frmPersonInfo":"da3c9875-206d-4ddf-8d03-d04ccc673f34","lblCreativeDesignSection_1":"4facfd47-4aa0-434e-9bde-8946ced45eb0","icnCreativeDesignArrow_frmPersonalDetails_2":"84337cc7-057c-4ffe-9698-cc4c26530351","crdCreativeDesign_frmPersonalDetails_1":"858d68ec-1685-48f8-a21a-166b6ed17732","galCreativeDesignSkills_frmPersonInfo":"633118dc-8000-4b76-a0ba-284983fdf989","c5cfc6c8-127f-489d-9db7-5d63e054b24f":"786794ce-d464-43e4-880d-a23f32d7067c","lblCreativeDesignSkills_frmPersonInfo":"52c3c159-d100-4033-b668-1194e0a9269b","lblCreativeDesignSkills_PersonInfo":"5fc675f3-2e83-4a66-b847-feace94e91b5","crdUXDesignSection_frmPersonalDetails_1":"232ecae1-f9d9-4ad1-aa6d-688f0d624642","lblUXDesignSection_1":"708940a6-8a94-4a61-9f32-634101820012","icnCreativeDesignArrow_frmPersonalDetails_3":"3d185227-c046-4d27-b659-315e8980c089","crdUXDesign_frmPersonalDetails_1":"6a700679-de71-4715-9c40-b41ec0071500","galUXDesignSkills_frmPersonInfo":"4a39357a-7bb8-4f4c-bedc-867be974349d","f23c705b-4d10-4941-8bd1-ae94128c66fc":"2c28c60c-29a4-4f8b-882a-58348ba936dc","lblUXDesignSkills_frmPersonInfo":"33fdae0e-4e6b-4a9e-ba6f-6cb9b90e237c","lblUXDesignSkills_PersonInfo":"6f321dfb-f5ba-4628-8113-d269de222679","crdMotionDesignSection_frmPersonInfo":"f284208d-0bab-4214-9c04-07f8f05873ea","lblMotionDesignSection_1":"0e3e0ede-ae5e-42ab-b75a-6f772911e531","icnMotionDesignArrow_frmPersonalDetails_1":"ee1cb7e5-22e5-4ab1-9d4b-390b74688dc1","crdMotionDesign_frmPersonalDetails_1":"3ddb06ac-abcc-44f5-9593-a7b996385f5b","galMotionDesignSkills_frmPersonInfo":"27101e10-6b3c-4e59-9865-a7199a5d1005","5f81c363-8587-484a-b239-107786c85c34":"14065ec6-9d4a-4025-8ef2-621ecef746a9","lblMotionDesignSkills_frmPersonInfo":"ff6f0b88-cbdf-4743-a273-8536c76aa54a","lblMotionDesignSkills_PersonInfo":"840801a2-547e-4872-a1c6-96be836706fc","crdACMSection_frmPersonalDetails_1":"9bf23e58-7dc8-4b22-bdbe-a33a26277248","lblACMSection_1":"7cceedc2-95cf-4a7a-bf7f-931efc099d7c","icnACMArrow_frmPersonalDetails_1":"50e33ae1-aa5d-4e46-9127-c3e2c627d295","crdACM_frmPersonalDetails_1":"50d6c8b9-2f70-4e34-bc8f-09a7e0b460a2","galACMSkills_frmPersonInfo":"6e12240e-f24b-4b3e-b3bc-495d018da128","c0e9a276-75cf-4756-a9ec-ae76e735ec4d":"56270a9c-711f-4899-bcbc-7b0cae68c2ea","lblACMSkills_frmPersonInfo":"6628b421-657e-4869-bb33-4155daeec11c","lblACMSkills_PersonInfo":"f0c65d6e-44d1-402a-932b-e76e81f88266","crdM365Section_frmPersonalDetails_1":"f93cff28-327b-43fa-a13a-c59c693ad849","lblM365Section_1":"dcb27292-7ff3-4072-80cc-870e05dc1924","icM365Arrow_frmPersonalDetails_1":"1c814336-cdf6-40eb-bebb-6cbce12d2202","crdM365_frmPersonalDetails_1":"6c690ca7-a093-42ac-8708-4f0fb83f9c8c","galM365Skills_frmPersonInfo":"b8005000-2bcd-440a-98cc-ed8e9be54c2d","6f075a7d-609d-4821-b77f-51da611c3bcc":"5f57a3b8-9539-4ed9-8d06-5af5a15d401e","lblM365Skills_frmPersonInfo":"d895daa9-cf97-4426-8151-186a1e13aa30","lblM365Skills_PersonInfo":"dae4cb5e-28d5-4a25-9882-85c2747e42e3","crdTestingSection_frmPersonInfo":"25e1caae-dc5f-4ec8-98ef-31b17f5cfc28","lblTestingSection_1":"476adc74-59f0-40cd-9927-b5779897db0d","icnTestingArrow_frmPersonalDetails_1":"6f3ca436-3788-4c36-b906-186c6da6c3ac","crdTesting_frmPersonalDetails_1":"944d7b5a-91d9-46a3-b3a2-47d644c197fc","galTestingSkills_frmPersonInfo":"6e64b242-93c4-4f3e-b0c3-e17e34d7b795","57a06455-f36e-4632-b643-f73eff2070cb":"fe2e7345-37d1-4697-9c98-9678e3c21dce","lblTestingSkills_frmPersonInfo":"524f6ff0-91f8-472c-8b20-c6da77720199","lblTestingSkills_PersonInfo":"79d2926a-dfc8-4171-a459-d586d682da9a","crdSoftSkillsSection_frmPersonInfo":"64945f01-9e33-4fc8-8266-e18ea6153c89","lblSoftSkillsSection_1":"0ee42578-1076-4792-ace3-73c2b0026e37","icnSoftSkillsArrow_frmPersonalDetails_1":"50375900-09bc-4ac7-8c8f-eb19dd110cf8","crdSoftSkills_frmPersonalDetails_1":"2d4bd4c8-f250-4890-99a3-c4d779a93955","galSoftSkills_frmPersonInfo":"423c5f05-215a-412c-9b45-b102624b4522","7b8d5222-fdce-4f2d-a005-2d11186e877b":"0c649054-705e-4e4d-aed1-099f68d3a4e0","lblSoftSkills_frmPersonInfo":"0d4bbbd8-a1a1-44d5-86d5-a3f29a655fab","lblSoftSkills_PersonInfo":"d58bfec9-c61c-442a-a2d0-3bc371f03188","crdPMSkillsSection_frmPersonInfo":"ccf8686e-f042-4e7c-9d63-b7d78fbc599a","lblPMSkillsSection_1":"981e17a2-86f0-4328-bfde-b45acd72064a","icnPMSkillsArrow_frmPersonalDetails_1":"df68619e-f986-408f-a49d-676f2367d235","crdPMSkills_frmPersonInfo":"095b408a-bbb5-4d2f-9eb4-7cd6fd4c6ae6","galPMSkills_frmPersonInfo":"313e1c08-cd6f-4308-abeb-9f36fbd88a77","d2f431a9-b04c-48b0-bd75-cd6c0b04f083":"ee9befe7-97d6-48a1-bde6-e5a46f540be4","lbPMSkills_frmPersonInfo":"98c7ffc7-4251-47d9-9f30-bfb9062b24ea","lblPMSkills_PersonInfo":"7a862f1c-b041-43b7-ba60-a3633609b3f4","cntPersonGeneralInfo":"9f8f64aa-7149-4d01-a862-93f6d73e3332","htmlPersonGeneralInfo":"94dcb4f0-edd4-4d56-b92d-171e642d7ca8","imgBackground_PersonInfo":"2a768fb4-e780-47e2-8541-f1d131e08a31","Project Client Details Screen":"3fbaf3f2-3711-4b70-8f76-5b64cfba35e3","imgBackground_ProjectInfo_1":"7e5a9288-d0ff-4ec0-bb62-ba7dfb90afcd","cmpHeader_ProjectInfo_1":"dc3e48a4-da2f-40dc-b482-910469e69696","cmpMenu_ProjectInfo_1":"4a3e74dc-7b41-47ba-8956-1abc3ec7508f","cntProjectInfoScreen_1":"a25183f1-c5fd-4223-97c4-dbe47fb7bd9a","cntIProjectInfo_1":"a09ffb1b-55ce-4fc3-81e1-5b9101926e2b","cntProjectInfoTitleRow_1":"d3d70904-f210-49d9-8c69-d9bbfbbead0a","lblProjectInfoHeading_1":"55d4580e-7692-4149-9716-2679d49ae0ad","cntProjectInfo_1":"eab2ae1d-5d77-4a3e-967f-ec86302cff7e","TabListProjectInfo_1":"5e446fec-9277-4b35-92d9-617c972ecfe5","cntProjectClientDetails":"41ae5b1b-7fe3-4dba-ba37-51e73e42b388","htmlClientDetails":"e0249a62-076a-413a-8c4b-52d5a9154086","cntClientContacts_ProjectInfo":"b5a8efa5-20ea-4362-acca-f7388fc741e6","cntClientContactsTBHeader":"1d06c500-b32a-4b79-a1fe-a34edf491c6a","cntClientContactsTBTitle":"3c5e8a5c-6096-4f34-aff1-fbfcceea8200","lblClientContactNameTBTO":"2353d20d-81b7-4a93-8860-9163a05347ba","lblClientContactEmailTBTO":"6b5084e3-803e-4680-9933-3b235151be03","lblClientContactNumberTBTO":"677f0fa3-09ee-457e-a0b9-f2e95a61d4f6","lblClientContactRoleTBTO":"2984062a-2635-466a-a522-3870b3838a52","rctDividerTBTO_10":"9f7a04af-c38e-4de9-b632-d359a2f5fc13","galClientContacts_ProjectInfo":"627989eb-1082-4120-b1f3-3a0814e545ac","3d335e19-b585-4e16-ab87-1795fa69e4d5":"ae20343d-30b2-4b65-aa54-e0e67c88a8b4","lblClientContactNameTBVI":"78c307af-53a3-4c22-8267-9e49112a3daf","lblClientContactEmailTBVI":"6f1f3827-bf65-4587-b412-b57bee62afa8","lblClientContactNumberTBVI":"5695d564-a474-4271-b54b-5381725c5a43","lblClientContactRoleTBVI":"2a4f2cb0-c150-493e-b3a7-e721d93d1c2a","rctDividerTBVI_10":"3a89c8b9-7025-4c4d-8f2b-cbe1a9483f1e","Project Files Screen":"0f287964-2c07-4505-967d-26011162d3d5","cmpHeader_ProjectInfo_3":"5a0aeca1-6d9e-48a5-b890-64720ee86faf","imgBackground_ProjectInfo_3":"03ce5f1a-555f-45c5-be9b-93377ee0da9e","cmpMenu_ProjectInfo_3":"9b98e78a-bd9d-4dc8-8037-25478c14dd46","cntProjectInfoScreen_3":"d97a88c2-511e-4e9d-a320-4e5d77649c48","cntIProjectInfo_3":"81965555-7def-483b-a5bd-5f825623aefb","cntProjectInfoTitleRow_3":"920f0cb0-3374-4421-8b2d-822cb76aa1de","lblProjectInfoHeading_3":"69c55b97-2b30-4eea-9112-953ee1b32acf","cntProjectInfo_3":"e06dc39a-a66f-43c3-a5c0-97caa7e020ba","TabListProjectInfo_3":"32cd9b8e-e688-4580-a982-c105a60c0413","cntIdeas_ProjectInfo_1":"116e93a2-ea12-4f20-b07c-1ac08d89deb3","cntIdeasTBHeader_3":"884651ca-9aba-40a6-97ed-be6bc3f0cabb","cntIdeasTBTitle_3":"dcd98f7e-6adf-4afa-a50b-e922028e5f4b","lblIdeaDetailsTBTO_3":"337e4a45-dda2-485f-a141-14f4681f12d6","rctDividerTBTO_12":"7767cd59-33b6-478f-9152-db44c8a59173","galIdeas_ProjectInfo_1":"ac499477-2c45-420a-b673-3a1aa92c13ab","248101bd-b626-457a-923c-5aa59b399d45":"7a6b4127-9886-41a5-9cbb-b61e027ae982","FileNameLbl":"1e755c00-0ce1-4712-8481-6dfec0500e2e","OpenFileBtn":"df5d3dd9-a9b2-4410-89dd-3f6f45543040","rctDividerTBVI_13":"d17cfe00-b22c-48b6-a480-40be2977ec41","Container1":"7fa72f42-a46d-402b-b283-e5f9461a317b","Project Ideas Screen":"c3c97500-0726-4f2e-9929-6223ebc47af5","cmpHeader_ProjectInfo_4":"61192e89-4d5f-4e11-b833-620a63d72c8c","imgBackground_ProjectInfo_4":"80a68de4-ed1a-4f8e-a839-c2ccdc4702f2","cmpMenu_ProjectInfo_4":"ede46f57-f5ac-4d05-9ecf-56b96ca7d12f","cntExpandedIdeaBackground_IdeasLibrary_1":"50d015a3-00f8-4971-bdf4-595c9950e4a0","cntExpandedIdea_IdeasLibrary_1":"cc6d6514-bb14-4753-8596-b29b23a3ac2a","cntHtmlIdea_IdeasLibrary_1":"0ba3e5be-4e69-492c-aae9-a117a505cc75","HtmlIdea_1":"afd4194f-65d2-4924-a3e5-c12500760cb1","cntButtonExpandedIdea_IdeasLibrary_1":"00789de7-9ff8-49e5-a6c2-208a5e84f2e8","btnCloseIdea_IdeasLibrary_1":"56e8a284-8210-4f1d-896f-e11b1c47d686","recExpandedIdeaBackground_IdeasLibrary_1":"2dac12e7-d1bb-4c92-a2b5-35a829df901a","cntProjectInfoScreen_4":"f1c9b166-154b-498b-b608-06a3f45c17ae","cntIProjectInfo_4":"ed13845c-a4d9-431a-8b15-8026642443ef","cntProjectInfoTitleRow_4":"c8d4e351-6834-4f2b-a4fd-d6f653686b7c","lblProjectInfoHeading_4":"7a2324bf-c889-40d6-908b-f4a918ee0be9","cntProjectInfo_4":"128d8435-55a9-48f0-86d4-57ac06a5c540","TabListProjectInfo_4":"9af2aa75-28fb-4de0-b15a-f5b7374f184a","cntIdeas_ProjectInfo":"5342bb0a-d506-428e-bf71-f08e1d27166c","cntIdeasTBHeader_2":"e0d489ef-e8a3-4d74-bff0-7baec5055eb2","cntIdeasTBTitle_2":"b0ddf1e0-cd3b-4b29-83ce-166df1f4c99b","lblIdeaTitleTBTO_2":"81b82fcc-99b4-407c-8099-3aaeda67ea6f","lblIdeaDetailsTBTO_2":"c938698f-c0d6-4e7a-aa55-4ac8628d369b","lblIdeaDisciplinesTBTO_2":"28713079-3a91-4585-8890-7408e9bb5e53","cntActionsTBTO_8":"4c8d4d3d-902b-4486-bfcc-8a6003e6ed2a","lblActionsTBTO_8":"a17913ea-01e4-4c29-9a25-28ad4a831fca","infoTBTO_8":"46004da2-327d-46e5-a07d-1c98cbfdd3ca","rctDividerTBTO_9":"52a0cdcb-572c-4ac7-91ac-4c904a6e07ef","galIdeas_ProjectInfo":"2474b2bb-4b0f-4afb-a4a3-0452a5b8525b","7a869cb3-7fad-4d8f-8374-8feb2eff4288":"e40cdc55-98b4-43cf-84d6-c7990273d8c6","lblIdeaTitleTBVI_2":"887fd872-8f02-46fd-90bd-6b5e73974103","lblIdeaDetailsTBVI_2":"8b248a21-c48a-4239-9a23-d146d2d63243","lblIdeaDisciplinesTBVI_2":"c05086f1-302a-4395-8350-30b6cb2d7bd3","imgViewIdeaTBVI1_1":"1a31d194-87bb-4610-bceb-33b7de1f06b8","rctDividerTBVI_9":"6b86ce4f-c6e8-46e5-9ad9-74b99fdf02e1","Project Lessons Screen":"9dc36c93-2abf-46d2-8be5-93a2039956a6","cmpHeader_ProjectInfo_5":"0827052c-d0e7-49d5-9dd7-854da172272b","imgBackground_ProjectInfo_5":"724ef547-7546-42be-aaec-72cdd4ab23d6","cmpMenu_ProjectInfo_5":"3ee24786-8d00-40f7-80a0-d428af908736","cntExpandedLessonBackground_LessonsLibrary_1":"d3da6b78-a6bd-4246-bc7b-9c2e49c71b20","cntExpandedLesson_LessonsLibrary_1":"b6321bf7-8377-4653-b727-f1ae925d90a3","cntHtmlLesson_LessonsLibrary_1":"6fce14f2-d221-4068-a9c4-0cc9a6a8e016","HtmlLesson_1":"b2fa82c4-d309-4089-8e86-854bf1fb7f1b","cntButtonExpandedLesson_LessonsLibrary_1":"ffa7d881-7ed4-43eb-9c0b-e6e92618bc4a","btnCloseLesson_LessonsLibrary_1":"bb757758-8bd9-4eef-988b-a54794a9a732","recADOSubmitBackground_ProjectLibrary_2":"d622b5bf-dc38-4910-8e69-8cdda87e6a4c","cntProjectInfoScreen_5":"fd86fcfe-3d47-4228-b5aa-b8398fc6f34a","cntIProjectInfo_5":"012001dd-7f8a-42e6-8ff0-ac8cc468b049","cntProjectInfoTitleRow_5":"f7291dd2-8e07-439e-84af-a055b4db83d0","lblProjectInfoHeading_5":"70e08e51-64ca-47dd-9781-79a6f53173af","cntProjectInfo_5":"9e6ce1a7-ef07-43fb-bb0c-0b872975b919","TabListProjectInfo_5":"fb8f96d5-66cb-407d-9ffc-23f57fb04ee2","cntLessonsLearnt_frmProject_1":"da402c34-1b52-4702-a382-1f68046d5910","cntLessonsTBHeader_1":"75d11e81-e8a4-451a-8eb2-ad8af26d0907","cntLessonsTBTitle_1":"037958c6-d600-447a-9526-d8f783c3ec27","lblLessonTitleTBTO_1":"76f5794c-8449-449d-b248-c31ba93fa992","lblLessonDetailsTBTO_1":"0f21e835-ca73-4247-bee8-5b331433df96","lblLessonDisciplinesTBTO_1":"5bb9ef0c-590a-422a-9072-3ed00b370b1a","cntActionsTBTO_6":"4b49ed5a-4d7b-474a-b616-3e71bd772ce4","lblActionsTBTO_6":"baa35dd2-2af5-41cc-b9c3-d41a4d670998","infoTBTO_6":"f18a4eed-0e97-4449-8cbc-a9300e9dadd7","rctDividerTBTO_8":"cd67b46f-e2dd-458f-8479-9723fd6eb39e","galLessons_1":"0d09bcc6-0095-4496-8bff-f6111af68c19","bd498821-9f61-4029-b8e8-f94a1a8a04bd":"ee9ab55d-c287-4a55-b824-8f1b6323bb54","lblLessonTitleTBVI_1":"6e542790-62d1-40f1-8f5a-b9986e6cba46","lblLessonDetailsTBVI_1":"fa196971-2f12-4e50-befa-99ce5ef04e62","lbLessonDisciplinesTBVI_1":"f97d4601-5f97-4a7f-af3e-420afc9c406c","imgViewLessonTBVI1":"937ff5f6-8015-48e4-acf6-64faa687fd75","rctDividerTBVI_8":"062f3ef1-8b11-40f6-9ee2-127645a85654","Project Links Screen":"27a55f75-1e0e-49e0-82d6-72cf787e9fe5","cmpHeader_ProjectInfo_6":"402290b1-7584-4462-abe1-cab1c9b5d94b","imgBackground_ProjectInfo_6":"63a76605-d257-4b0b-98d4-3bf0931cb59b","cmpMenu_ProjectInfo_6":"a1c84264-2c78-48a0-b382-6b6c16e5372a","cntProjectInfoScreen_6":"49282167-c4dd-4e24-8926-df9d5cfde843","cntIProjectInfo_6":"ca1d6a96-0d21-4f98-b12b-7853ec19c5a3","cntProjectInfoTitleRow_6":"0afeb7dc-3911-4dfd-a7ff-0d62b35291ca","lblProjectInfoHeading_6":"e9b08b99-6622-450c-a194-4701abe9dacf","cntProjectInfo_6":"b0b4810b-1792-4e1e-a2d5-f99595256476","TabListProjectInfo_6":"91a4d546-cc80-47cc-b821-f405466dc3b5","cntProjectLinks_ProjectInfo":"429a1899-8f09-47c9-80f2-dd2f3b00fe65","cntProjectLinksTBHeader":"ab710c6b-96b7-4b2b-b65f-74a998d1568b","cntProjectLinksTBTitle":"51e9e1c8-f71b-43a4-81bf-ee0a9a11d3da","lblProjectLinkTBTO":"e9a15f22-9927-452e-a39a-72d533766eee","rctDividerTBTO_11":"2019822d-3679-4dcb-b5c2-9da41fe61969","ADOLinkCanvas":"d06505c6-db1d-4493-aef2-619a627de56a","galProjectLinks_ProjectInfo":"23e0b4f5-02fb-4d43-b6a9-6f5b8ac8b972","81b953d6-0f55-40c8-8e66-75f27f20bba6":"61fd3868-b072-40e8-a2a8-73493870b380","ProjectLinkCanvas":"a6a9b63a-075f-4f9f-a7a9-45ab78340bc4","rctDividerTBVI_11":"127f561b-4639-4ab8-924a-2b46a5c789db","rctDividerTBVI_12":"a51d3736-1e43-4a2d-b4ad-f3db1a975719","Project Team Screen":"8fd6fb87-2c6a-42a7-9ab4-5d219b53210f","cmpHeader_ProjectInfo_7":"a9849c63-2c54-47da-ac06-89427fada87d","imgBackground_ProjectInfo_7":"bdbc4cf8-c051-474b-923e-491606102885","cmpMenu_ProjectInfo_7":"be5aa202-d4d5-4a0e-84b2-69adff78c403","cntProjectInfoScreen_7":"197812ec-d8e6-4e2a-8099-c033057f6343","cntIProjectInfo_7":"5f085122-c6a7-4a7c-8b77-0d616c368967","cntProjectInfoTitleRow_7":"1a7b3aa1-200c-4326-8b9f-77a60847fd9e","lblProjectInfoHeading_7":"806333b6-04fd-4bb7-a632-012ef34d49fe","cntProjectInfo_7":"78eb697e-c714-4d48-abec-d9a515bf326e","TabListProjectInfo_7":"200ec7e6-d398-4330-a33c-37733039280a","cntProjectTeam":"8e29e7a9-c7c0-4f07-823e-ccc68cd3dcfe","IdentifierContainer":"b81c6d2b-86a9-44f2-9ffa-8c85460efec1","lblIdentifierTitleTBTO":"ee8d1f27-972c-4c22-a4bc-dc6a1a1a5f55","galIdentifier":"465a5ce9-c7e3-4019-8c7d-e99a667f5b5a","8da8b9b7-885a-4f24-80f9-bec984f52422":"41cc57f5-d355-4fa3-9565-dea7ad5742c1","btnPersonInfo":"fd9d6a39-61ae-4dc9-9cfd-d7cc277ce6ae","lblIdentifierTBVI":"e8b19b67-b83e-42ff-b816-8192f36bc24b","IdentifierProfilePicImg":"685bdbe0-c075-48cf-8268-18a08b2dc8b7","PMContainer":"655d8a63-7cd2-44b7-8a8b-f84b5820060b","lblPMTitleTBTO":"703300d7-84d6-4e9a-bfc0-7edb69b723e3","galPM":"350b92bb-3a63-490a-aea1-143bae8291f6","0c814acf-b14b-4081-abea-7c30984183a1":"85f13772-3397-4da8-bff1-c56d4ab0d279","btnPersonInfo_PM":"f3a4a986-937c-4f03-80f1-1d2002a9ce04","lblPMTBVI":"9962d49c-c5cc-4951-9925-a47526ae77ab","PMProfilePicImg":"0ece63c2-f483-46f5-afbd-3007af7ed95d","ConsultantsContainer":"e02e398f-372f-4b68-ba44-b05a0778f5e9","lblConsultantsTitleTBTO":"a93c790c-21b7-47d4-9d92-39b288607d8b","galConsultants":"2c30a341-81db-4881-9e7e-202e31dd9bbd","3da854fa-202d-4a1e-ab49-8c2378cd9aae":"df103e6e-25b3-4cfc-aa3b-68431438c772","btnPersonInfo_Consultants":"ed6f08f0-66a9-4e5d-94bd-699e9e1ea204","lblConsultantTBVI":"8ae53705-803a-4726-9297-5b17be4257ae","ConsultantProfilePicImg":"0715ebd9-e754-46e8-bd6c-ce1804670a19","ACMersContainer":"dc407e6a-770d-4224-8966-2302932f8f26","lblACMersTitleTBTO":"29c5b93a-d321-431e-bfba-07bb8cc04335","galACMers":"7c58bec9-025a-458d-b206-36098a0bb89c","2bfae4b6-7539-4628-8e86-b3f6915f8b14":"e7afd349-4a60-4b6c-b983-2119dfb52de6","btnPersonInfo_ACMers":"8aeb1298-c202-439c-9eb7-fe96848bc378","lbLACMerTBVI":"36164d47-da78-41a0-a959-28bd6d266497","ACMerProfilePicImg":"fd42c4d0-02ad-47fd-a2b0-bbc54efab73d","DesignersContainer":"d6a779dd-9301-4789-82c3-09dc304fbc38","lblDesignersTitleTBTO":"f971eda4-b889-4da0-ae0a-9976839095fe","galDesigners":"6c9554f6-6dc6-47ea-a05c-9c08e9a1c66d","82371794-0e77-49a8-98a9-390f6e504e29":"593c11ba-3abf-45d7-b8e5-95af882c6c72","btnPersonInfo_Designer":"2780c536-313c-4d87-b94d-ba75da1e2d2a","lbLDesignerTBVI":"bf4816e8-484c-43c3-9506-827bec01963c","DesignerProfilePicImg":"d0308d5e-f278-4a72-b042-b6710db7a5c1","DevelopersContainer":"6e0b8427-2a6c-467d-a2b3-432f075a3aa8","lblDevelopersTitleTBTO":"2fc5043a-37f3-415e-92bd-8593b89f9fe6","galDevelopers":"1b6b1687-1ea4-4e62-8000-ef8a81ad9f57","b85f7511-833d-416e-9b42-28d25bdcf9f4":"ebeff95b-5e2b-487a-8cbd-1bb86dd0f259","btnPersonInfo_Developer":"0d7048e3-3d15-493a-abcb-22664c12b4b9","lbLDeveloperTBVI":"e885bc92-52e5-4a2f-8e0a-13399ed6bda9","DeveloperProfilePicImg":"8eaca816-dd86-4d43-b645-7d06824c4b3d","OthersContainer":"1341674e-180b-49ee-be18-840290a9b9e8","lblOthersTitleTBTO":"ba174398-33b2-4f6d-b251-daed79b700dd","galOthers":"7cf97bbd-b3fd-42e2-8c1f-c979ebedfc84","3256e7f5-0ff3-4c53-a0ef-21b0036a26ad":"2c498b7e-5351-4d54-beef-8dedcaa05030","btnPersonInfo_Other":"b91c05f5-b822-4327-bff4-257d56801381","lbLOtherrTBVI":"cce84db1-d76b-4e38-b0df-5f59edd38f0a","OtherProfilePicImg":"07df912c-1924-4857-b6f0-17f2f2d9f561"}